% Model:              TimeBasedLadder.mph
% Version:            COMSOL 6.3.0.335
% Date:               Sep 3 2026, 16:15
% Dimension:          3
% Nodes:              3862
% Expressions:        1
% Description:        Temperature
% Length unit:        in
% x                       y                        z                        T (K) @ t=600
0.007305410079818534      0.0546135604366323       9.299600000000003        1619.3087956668933
0.007946285610936904      0.05285731021703579      9.299600000000003        1619.336570580991
0.009145768416054047      0.0543356689484901       9.299600000000003        1619.2443991143148
0.01097569126461746       0.053995779476397984     9.299600000000003        1619.1702090709807
0.009786103271591885      0.052563243324378        9.299600000000003        1619.2651572729098
0.011463252863655005      0.05218285922562807      9.299600000000003        1619.1929652788795
0.01279309065034271       0.053594279840409424     9.299600000000003        1619.0868551292394
0.013275645510787203      0.05179166457716643      9.299600000000003        1619.1028042183805
0.014595892887562049      0.0531316281588925       9.299600000000003        1618.99475684311
0.0198962437466448        0.05138238496580418      9.299600000000003        1618.669526799192
0.0201304066300904        0.04952746729350433      9.299600000000003        1618.6765602519006
0.02162028871926883       0.05068109228988124      9.299600000000003        1618.5468460594304
0.005456716138157668      0.05482913686159551      9.299600000000003        1619.3642443156432
0.006196827971748171      0.05311205484196239      9.299600000000003        1619.3938120717978
0.003601795984395302      0.05498215224676819      9.299600000000003        1619.4101313359904
0.004324645797859121      0.05324734460920505      9.299600000000003        1619.4473291478844
0.0017427661160760817     0.05507243199882006      9.299600000000003        1619.4458656067236
0.002597646295225954      0.05341284909907995      9.299600000000003        1619.484011102744
-1.1825227999632275E-4    0.0550998731069163       9.299600000000003        1619.4719737524708
7.481855021669307E-4      0.053432514001487956     9.299600000000003        1619.5168862537719
-0.001979135748072089     0.05506444426025479      9.299600000000003        1619.4887784701032
-0.0010252360015738872    0.05345526793820764      9.299600000000003        1619.5369871855312
-0.0038377609863566777    0.054966185883792235     9.299600000000003        1619.4969236344862
-0.002894299252241339     0.0533515773178624       9.299600000000003        1619.5509372252236
-0.005692007269736673     0.05480521009211868      9.299600000000003        1619.495611935645
-0.004616289621057994     0.053270242811814625     9.299600000000003        1619.5526240300007
-0.007539758869565685     0.054581700561532595     9.299600000000003        1619.4852371163581
-0.006460637643407122     0.053070013845699614     9.299600000000003        1619.5476374388747
-0.008220970766268118     0.052850855480543024     9.299600000000003        1619.5330441165972
-0.009378907467749047     0.054295912320462984     9.299600000000003        1619.4670338075282
-0.011207354562373014     0.05394817145847725      9.299600000000003        1619.440607986185
-0.010051685127869907     0.05249314216902572      9.299600000000003        1619.5116745567664
-0.013023013862133595     0.053538874754207134     9.299600000000003        1619.4060437079504
-0.011758805420679056     0.052171908930175176     9.299600000000003        1619.4817992601977
-0.05509001658253641      -0.0010488436184031803   9.299600000000003        1615.446733608729
-0.053455309880761956     -1.193584555620419E-4    9.299600000000003        1615.6032140078535
-0.05509401102157561      8.12372792815662E-4      9.299600000000003        1615.5516978830776
-0.02520297767406437      0.04899816237738528      9.299600000000003        1618.9859202663301
-0.026843470034866236     0.048118999537472104     9.299600000000003        1618.905782440449
-0.025242845389174692     0.04714203917763948      9.299600000000003        1619.0148804975559
-0.023686660962450895     0.047900156828594644     9.299600000000003        1619.0898067129312
-0.023533728258540172     0.04982141742517157      9.299600000000003        1619.061448074033
-0.022024988487506347     0.04872961329599647      9.299600000000003        1619.1625873888834
-0.021837626432157902     0.050587825331887125     9.299600000000003        1619.1329380057125
-0.014823813666832672     0.0530684892226171       9.299600000000003        1619.3643628970738
-0.013551463258977858     0.051712549037772476     9.299600000000003        1619.44447597179
-0.015256146983330708     0.05125878878532769      9.299600000000003        1619.4003484411417
-0.01660769923122555      0.052537551582131733     9.299600000000003        1619.315086813767
-0.018372635109522573     0.05194666764223033      9.299600000000003        1619.2600076427486
-0.017033705830233087     0.050662936223506455     9.299600000000003        1619.3487415204374
-0.02011660747786966      0.05129651161220732      9.299600000000003        1619.1990393205706
-0.018714560539959468     0.05008883657290927      9.299600000000003        1619.2917562675214
-0.020406223417882445     0.049403952784966676     9.299600000000003        1619.2293345478474
-0.0459165875596397       0.027420438278659365     9.299600000000003        1617.4105385652413
-0.04682274210113118      0.029045495728786598     9.299600000000003        1617.3820327542537
-0.04777701599588671      0.02744752707492585      9.299600000000003        1617.2671344729404
-0.04581504260824731      0.03061032294511912      9.299600000000003        1617.4961317521472
-0.044936729501021        0.028938238975721762     9.299600000000003        1617.5257578827996
-0.044755067320636714     0.03214022322768276      9.299600000000003        1617.6091191856642
-0.04393142055619427      0.03047744488926077      9.299600000000003        1617.6389966891359
-0.04290373802756342      0.03188841955182001      9.299600000000003        1617.7470104623292
-0.04364402568933111      0.03363345093250183      9.299600000000003        1617.7211797757236
-0.03157386330999806      0.045156407692392445     9.299600000000003        1618.6453249968047
-0.029931515230356445     0.04428178188983887      9.299600000000003        1618.7602511159455
-0.030030731214245272     0.0461970256914637       9.299600000000003        1618.735611393057
-0.03455032881409574      0.04292184500738369      9.299600000000003        1618.4556220285074
-0.032851101334022054     0.042164035044734045     9.299600000000003        1618.575899656743
-0.03308096905494646      0.044064265412981495     9.299600000000003        1618.5518587048311
-0.03138277482357685      0.043289409781007766     9.299600000000003        1618.6710850428856
-0.035980266021305676     0.041730449998006        9.299600000000003        1618.356953548932
-0.034222554621701706     0.04109124097939225      9.299600000000003        1618.4819712072697
-0.04127387109139441      0.036503117197452584     9.299600000000003        1617.9406670307353
-0.03946738476373918      0.03607960677247391      9.299600000000003        1618.0718807272726
-0.04001746251415549      0.0378762814163186       9.299600000000003        1618.0480513576047
-0.038225849321601155     0.03735846010896935      9.299600000000003        1618.1767486635156
-0.038715393286248574     0.0392062281109915       9.299600000000003        1618.152996760745
-0.036930933821219154     0.038672635279042425     9.299600000000003        1618.281306554945
-0.037369149092283        0.04049143978816667      9.299600000000003        1618.255995126439
-0.03561566410901788      0.039882034246748466     9.299600000000003        1618.3812202332444
-0.028453333509402615     0.04718493204618089      9.299600000000003        1618.822996021551
-0.02686088676099505      0.046216253799515314     9.299600000000003        1618.9326423548862
-0.02839560298822008      0.04531595639951836      9.299600000000003        1618.8486845699397
0.05509401102157561       -8.123727928156463E-4    9.299600000000003        1614.2407171460598
0.053417312543271006      -0.0016543804585219867   9.299600000000003        1614.3213591901251
0.05503514219460277       -0.002672662271940919    9.299600000000003        1614.1690361047738
0.05332439639686751       -0.0034377412445996307   9.299600000000003        1614.2534805949133
0.05491347727201736       -0.004529902194930371    9.299600000000003        1614.1003045356322
0.05320641335432742       -0.005270934359869903    9.299600000000003        1614.1820569677502
0.05472915507570314       -0.006381973417340362    9.299600000000003        1614.0344296097426
0.05294615802285548       -0.006983942442876837    9.299600000000003        1614.1258189421414
0.0544823859206298        -0.008226762692308614    9.299600000000003        1613.9715572842817
0.05269006469799234       -0.00884806683016193     9.299600000000003        1614.0599346210681
0.05417345137487984       -0.010062165081806783    9.299600000000003        1613.9121731961302
-0.05470125777421522      -0.006616826876899624    9.299600000000003        1615.1466042104232
-0.05444657256074045      -0.008460539958420377    9.299600000000003        1615.0513834086717
-0.05295664076056153      -0.0073117376878426635   9.299600000000003        1615.206256960286
-0.05502316343521258      -0.0029088632800267616   9.299600000000003        1615.3445716451672
-0.053431166762942336     -0.001931292422078746    9.299600000000003        1615.4992329557806
-0.05315314499132141      -0.005539864250626901    9.299600000000003        1615.3023122937745
-0.05489352786025795      -0.004765563875879366    9.299600000000003        1615.2448994102542
-0.053314314110668316     -0.003740737104683231    9.299600000000003        1615.399813883505
0.021753525073580495      0.048809642643136586     9.299600000000003        1618.5562497290684
0.02331966455025996       0.04992197156827193      9.299600000000003        1618.4178926086086
0.02499243222096737       0.04910588897149051      9.299600000000003        1618.2836378402287
0.02344755968527571       0.04805543813374216      9.299600000000003        1618.4218516316153
0.02494799398633223       0.0472364891634254       9.299600000000003        1618.2970032878718
0.026636683073133872      0.048233775664584096     9.299600000000003        1618.1450238956422
0.026603130712699496      0.046345975756241        9.299600000000003        1618.1519297670818
0.028250540986709465      0.04730662674465651      9.299600000000003        1618.002079459153
0.028125532531993146      0.045420200303486244     9.299600000000003        1618.0127258468665
0.02983216452053848       0.04632550010544439      9.299600000000003        1617.8561801861936
0.029684913231594317      0.04446111996574432      9.299600000000003        1617.863792753404
0.03137974901347728       0.045291515230241226     9.299600000000003        1617.7079520501366
0.03110839130721499       0.043443220538905696     9.299600000000003        1617.7229482260093
0.032891528643545345      0.04420585191454676      9.299600000000003        1617.5580362621884
0.014993056708095417      0.05129063274244727      9.299600000000003        1619.0099169043815
0.016382040946218947      0.052608352325808565     9.299600000000003        1618.8943488220614
0.01814949679897674       0.05202504940837573      9.299600000000003        1618.7858742678538
0.01839487162525804       0.05016038513474449      9.299600000000003        1618.7985268982923
0.01676741842765926       0.05076999888171732      9.299600000000003        1618.903320147898
-0.05503514219460277      0.0026726622719409183    9.299600000000003        1615.658277743347
-0.05342863001245646      0.001710920054053905     9.299600000000003        1615.7095259842843
-0.05334038710294764      0.003483038493104721     9.299600000000003        1615.8143244637552
-0.05491347727201736      0.004529902194930366     9.299600000000003        1615.7666541757742
-0.053209716209788545     0.005279791283570998     9.299600000000003        1615.9214938528376
-0.05472915507570314      0.006381973417340379     9.299600000000003        1615.8771999333646
-0.05299073460777117      0.007082837194112666     9.299600000000003        1616.0328784781157
-0.0544823859206298       0.008226762692308607     9.299600000000003        1615.9889169707765
-0.052690041747771275     0.008839181920424247     9.299600000000003        1616.145554720643
-0.05417345137487984      0.010062165081806802     9.299600000000003        1616.1022631686064
-0.04867677544868893      0.02581824029475899      9.299600000000003        1617.151531336395
-0.04679810390274709      0.02580332555161175      9.299600000000003        1617.2961970078977
-0.049520993817680034     0.02415949443405838      9.299600000000003        1617.034962453033
-0.04764967576500651      0.024267723385221512     9.299600000000003        1617.1825402365478
-0.050308707834386415     0.02247318215194166      9.299600000000003        1616.917778603034
-0.04843765757245116      0.022606745231604428     9.299600000000003        1617.066213119475
-0.051039018702825435     0.02076122756131337      9.299600000000003        1616.8009994698652
-0.04916758191079206      0.0210097012478349       9.299600000000003        1616.9523158479124
-0.05380270393837418      0.011886086358413256     9.299600000000003        1616.2176258687502
-0.05239153470583094      0.010649610580673043     9.299600000000003        1616.2578515260523
-0.05200279533137584      0.012385738970317056     9.299600000000003        1616.370834643758
-0.053370566640663426     0.013696445394864545     9.299600000000003        1616.3332056323588
-0.05287753255824351      0.015491176538659002     9.299600000000003        1616.4493503680012
-0.051557797193914914     0.01418133420169031      9.299600000000003        1616.4874039786337
-0.05171109312504795      0.01902558403341725      9.299600000000003        1616.6837188956304
-0.04985619265098723      0.0192904801052982       9.299600000000003        1616.8338970272723
-0.051029611311004995     0.01587298699955377      9.299600000000003        1616.6028951758851
-0.05232416425194639      0.017268231969004177     9.299600000000003        1616.5661946865378
-0.05048597337051072      0.017638531167635398     9.299600000000003        1616.7189311569348
-0.04180346722528384      0.033342156738655926     9.299600000000003        1617.8572545803765
-0.04248318543298676      0.03508830225967714      9.299600000000003        1617.8320011227233
-0.04066468619782125      0.03468006582064257      9.299600000000003        1617.9644224818421
-0.05281055316449814      -0.015717998424090683    9.299600000000003        1614.6952773905698
-0.05146905477542636      -0.014425449224764611    9.299600000000003        1614.8454557826954
-0.05331128617381057      -0.01392540004790082     9.299600000000003        1614.7801381430581
-0.05412976282028233      -0.010294599410369637    9.299600000000003        1614.9586638910207
-0.052637856464451606     -0.009115340006622922    9.299600000000003        1615.1144108383967
-0.051877023574929654     -0.01268442290193451     9.299600000000003        1614.9342362348032
-0.05375119003850187      -0.012116912537641746    9.299600000000003        1614.8682324772271
-0.05229190095353818      -0.010890424824486562    9.299600000000003        1615.0235364298394
0.05489352786025795       0.004765563875879412     9.299600000000003        1614.4732766151276
0.05330537600396688       0.0037677034676772167    9.299600000000003        1614.5495972387298
0.05502316343521258       0.002908863280026731     9.299600000000003        1614.3924718134112
0.054701257774215216      0.006616826876899673     9.299600000000003        1614.5568669606853
0.05315128647637066       0.005557037228270182     9.299600000000003        1614.630868658368
0.05444657256074045       0.00846053995842037      9.299600000000003        1614.6438188546706
0.05290224758487686       0.00740198170401159      9.299600000000003        1614.720320262588
0.052810553164498154      0.015717998424090676     9.299600000000003        1615.0244571466874
0.051437403820052165      0.014437898829652544     9.299600000000003        1615.091053148899
0.053311286173810556      0.013925400047900858     9.299600000000003        1614.9240243004695
0.05412976282028233       0.01029459941036961      9.299600000000003        1614.7337355009997
0.052692484845188736      0.009100049147045196     9.299600000000003        1614.79943514092
0.05195838598699715       0.012649518172054381     9.299600000000003        1614.9855293678481
0.05375119003850186       0.012116912537641784     9.299600000000003        1614.8270764026681
0.05229855410192153       0.010920609512747322     9.299600000000003        1614.8973251694133
0.05509001658253642       0.001048843618403149     9.299600000000003        1614.3153794018742
0.05341337479285489       1.856395301190304E-4     9.299600000000003        1614.3979729307287
0.05342889619738461       0.0019386783500608131    9.299600000000003        1614.4671759694556
0.04867677544868893       -0.025818240294758998    9.299600000000003        1613.4819225455876
0.04679997641737161       -0.02583576468034965     9.299600000000003        1613.5794910111615
0.04777701599588671       -0.027447527074925857    9.299600000000003        1613.4451409059973
0.049520993817680034      -0.024159494434058383    9.299600000000003        1613.5214508759166
0.04761195814525096       -0.02417669382030398     9.299600000000003        1613.6232921297496
0.052358477166415535      -0.01060129936458612     9.299600000000003        1614.003072287663
0.05380270393837417       -0.011886086358413287    9.299600000000003        1613.855211883327
0.053370566640663426      -0.01369644539486455     9.299600000000003        1613.8010041622883
0.05152525720477081       -0.014067061797099167    9.299600000000003        1613.8960112762759
0.05287753255824351       -0.01549117653865901     9.299600000000003        1613.7480656019764
0.05199666663874769       -0.012393622576930708    9.299600000000003        1613.9438937829257
0.050308707834386415      -0.022473182151941662    9.299600000000003        1613.561954021772
0.04839987843833289       -0.02254022181283218     9.299600000000003        1613.6642690184756
0.05102046823819036       -0.01583847491321611     9.299600000000003        1613.8427707546068
0.05232416425194639       -0.01726823196900416     9.299600000000003        1613.6981151960015
0.05103901870282543       -0.020761227561313374    9.299600000000003        1613.6055980262865
0.049155358326738736      -0.020880121333105413    9.299600000000003        1613.705312016891
0.05171109312504794       -0.019025584033417253    9.299600000000003        1613.6510449360794
0.04983478453749816       -0.019279837653557872    9.299600000000003        1613.7457319737084
0.05045830806447237       -0.01756440693733491     9.299600000000003        1613.7931244433423
-0.029832164520538502     -0.04632550010544437     9.299600000000003        1613.4676461274764
-0.029668433053619537     -0.04445423588680451     9.299600000000003        1613.6012259375075
-0.03137974901347728      -0.045291515230241226    9.299600000000003        1613.5050030694654
-0.03436577844276028      -0.0430697489198987      9.299600000000003        1613.5863786794532
-0.03402274920968719      -0.04122013596243281     9.299600000000003        1613.7224034274202
-0.03580081626535738      -0.041884502560423524    9.299600000000003        1613.6297530401043
-0.03289152864354538      -0.04420585191454674     9.299600000000003        1613.5447017863837
-0.031194039601901445     -0.04340155301235605     9.299600000000003        1613.6403756268649
-0.03258557818992807      -0.04234219016586858     9.299600000000003        1613.6811045785482
0.04590572348420557       -0.027308648511693394    9.299600000000003        1613.5485585510007
0.04682274210113118       -0.02904549572878659     9.299600000000003        1613.409803262785
0.04493117851228959       -0.02887140669290626     9.299600000000003        1613.5135959509405
0.04581504260824729       -0.03061032294511914     9.299600000000003        1613.3764717851584
0.043924441866217544      -0.030396455180657013    9.299600000000003        1613.4796282446966
0.044755067320636714      -0.03214022322768277     9.299600000000003        1613.3446722668662
0.04290219724055092       -0.031864871661530826    9.299600000000003        1613.447337590873
0.043644025689331095      -0.03363345093250185     9.299600000000003        1613.3150970568288
0.04248318543298674       -0.03508830225967718     9.299600000000003        1613.2869154073169
0.0406302677734246        -0.03467788173028342     9.299600000000003        1613.3930503661866
0.041273871091394375      -0.036503117197452625    9.299600000000003        1613.261067291567
0.04179921726745543       -0.03323697685030739     9.299600000000003        1613.4223457000764
0.039441317095822104      -0.03602632736403366     9.299600000000003        1613.3673295749713
0.040017462514155465      -0.03787628141631863     9.299600000000003        1613.235983999796
0.038219187498527075      -0.037354489505626295    9.299600000000003        1613.3416874376805
0.03871539328624854       -0.03920622811099153     9.299600000000003        1613.2130555844444
0.033080969054946424      -0.044064265412981515    9.299600000000003        1613.1345718597577
0.03140463890881628       -0.04317251370630947     9.299600000000003        1613.2489893351992
0.03157386330999803       -0.04515640769239247     9.299600000000003        1613.1186809102783
0.034550328814095706      -0.042921845007383705    9.299600000000003        1613.1517154369888
0.03283833539037337       -0.0421347080134115      9.299600000000003        1613.2624889489489
0.03694484106714683       -0.03858952391440453     9.299600000000003        1613.3208892982318
0.03736914909228298       -0.0404914397881667      9.299600000000003        1613.1914843750885
0.03560129472214394       -0.03982220535366868     9.299600000000003        1613.3004358513317
0.03598026602130565       -0.041730449998006014    9.299600000000003        1613.1712050412352
0.034223070145759926      -0.04101983021217866     9.299600000000003        1613.2800613363036
0.02989086804699596       -0.04423765356566785     9.299600000000003        1613.233162675628
0.030030731214245245      -0.046197025691463715    9.299600000000003        1613.1041799926081
0.02837591405551163       -0.04525400163729184     9.299600000000003        1613.2170938789002
0.0284533335094026        -0.04718493204618089     9.299600000000003        1613.0911134431142
0.026852093712762617      -0.046196996659282175    9.299600000000003        1613.203492972506
0.026843470034866205      -0.048118999537472125    9.299600000000003        1613.0797276803978
0.025309457811985223      -0.04707213321641326     9.299600000000003        1613.1924110852297
0.025202977674064358      -0.04899816237738529     9.299600000000003        1613.07006024219
0.023689793781884003      -0.04786507806651446     9.299600000000003        1613.1865872037017
0.02353372825854015       -0.049821417425171585    9.299600000000003        1613.0622282094719
-0.035353149912288676     -0.04006328096595556     9.299600000000003        1613.7665882064014
-0.037195004707148725     -0.040651465223718396    9.299600000000003        1613.675547441734
-0.0367200854558847       -0.03883964012521458     9.299600000000003        1613.811545310258
-0.038546752973830874     -0.03937204382775248     9.299600000000003        1613.7213155154186
-0.03795019660761729      -0.03757638516203668     9.299600000000003        1613.8613273625072
-0.03985451869611003      -0.03804769821554806     9.299600000000003        1613.7696529942907
-0.03926423574000402      -0.03625907765468636     9.299600000000003        1613.9092736672917
-0.04111680968957346      -0.036679939489472985    9.299600000000003        1613.8207725906104
-0.04042245551490043      -0.03493362009777279     9.299600000000003        1613.9610845735244
-0.04233218565729899      -0.03527032828704564     9.299600000000003        1613.873530669164
-0.04163040430622706      -0.033547876276120124    9.299600000000003        1614.0125804793697
-0.04349925983325984      -0.03382047300021909     9.299600000000003        1613.9286124178896
-0.05224956235601184      -0.017492662278945196    9.299600000000003        1614.6132144567712
-0.050928372025662964     -0.016165368659668344    9.299600000000003        1614.7634656920457
-0.05162895384904077      -0.01924736668881279     9.299600000000003        1614.533092636232
-0.050390265447787956     -0.017836363251718952    9.299600000000003        1614.6832673028537
-0.05094943576914964      -0.02098010950413026     9.299600000000003        1614.4559835381417
-0.04969269509440409      -0.01957008488519769     9.299600000000003        1614.606411128262
-0.05021178345879439      -0.02268891363391258     9.299600000000003        1614.3813076828621
-0.04904326560413986      -0.021234643314743114    9.299600000000003        1614.5284051725919
-0.0494168385926426       -0.02437182930164888     9.299600000000003        1614.3089438027298
-0.048302400362735365     -0.02288015557684864     9.299600000000003        1614.4550297670266
-0.04856550821720726      -0.026026936270033323    9.299600000000003        1614.239000967893
-0.04748600497567727      -0.024484282559580788    9.299600000000003        1614.3865978085826
-0.04266652684243452      -0.03212056434943486     9.299600000000003        1614.0723021703673
-0.04461670056464982      -0.03233202794017689     9.299600000000003        1613.9855233661222
-0.045683232831323424     -0.03080669144973372     9.299600000000003        1614.045162857649
-0.043812015081192354     -0.03063312952602569     9.299600000000003        1614.1283391912575
-0.04765876371589043      -0.027652346031990273    9.299600000000003        1614.1718728128114
-0.046617053395641095     -0.026077152418663225    9.299600000000003        1614.3189087322453
-0.046697639700616876     -0.029246203965495644    9.299600000000003        1614.1073965019261
-0.045791918553300295     -0.027590838503074446    9.299600000000003        1614.2521111154856
-0.044762142417935406     -0.02915347745233523     9.299600000000003        1614.1905730926012
0.032636617873424985      0.04237457362332085      9.299600000000003        1617.5666183982285
0.034365778442760245      0.043069748919898725     9.299600000000003        1617.406630973029
0.033998312034501516      0.04124878874712983      9.299600000000003        1617.4223338904492
0.03580081626535735       0.04188450256042355      9.299600000000003        1617.2547032655364
0.03540821312246217       0.040040542191084785     9.299600000000003        1617.268667720542
0.03719500470714872       0.04065146522371842      9.299600000000003        1617.1030267701415
0.03666566703199048       0.03884037273106061      9.299600000000003        1617.1274209423625
0.03854675297383084       0.039372043827752515     9.299600000000003        1616.952229936164
0.03800865954756569       0.03757653249514165      9.299600000000003        1616.973991440853
0.039854518696109995      0.0380476982155481       9.299600000000003        1616.8028021496175
0.039241393031387156      0.036259754514495465     9.299600000000003        1616.8290338651716
0.04111680968957342       0.036679939489473026     9.299600000000003        1616.6556747083932
0.04233218565729898       0.03527032828704566      9.299600000000003        1616.511303967692
0.040501301385094175      0.034918000126171404     9.299600000000003        1616.6787587420997
0.04155731226888244       0.03357966804375274      9.299600000000003        1616.5484467782355
0.043499259833259814      0.03382047300021915      9.299600000000003        1616.3692103278902
0.04275418116865255       0.03212132437080007      9.299600000000003        1616.3993621886866
0.04461670056464981       0.032332027940176915     9.299600000000003        1616.2300368719818
0.04375231391194263       0.030679006812864063     9.299600000000003        1616.2699173829362
0.04568323283132341       0.03080669144973373      9.299600000000003        1616.0936579187653
0.05021178345879438       0.02268891363391261      9.299600000000003        1615.4629219438123
0.04902391609508987       0.021234158811198986     9.299600000000003        1615.5199891275954
0.05094943576914964       0.020980109504130276     9.299600000000003        1615.3476621899001
0.04482851737528371       0.029154788687457106     9.299600000000003        1616.1294677664703
0.04669763970061686       0.02924620396549565      9.299600000000003        1615.9607775508096
0.04941683859264259       0.02437182930164891      9.299600000000003        1615.5820463961327
0.04831842654720812       0.022859438274137896     9.299600000000003        1615.631894085219
0.048565508217207266      0.026026936270033316     9.299600000000003        1615.7044956175635
0.047487033939579586      0.024489699543653893     9.299600000000003        1615.755371333112
0.04765876371589041       0.027652346031990314     9.299600000000003        1615.8308976777564
0.04669043130311482       0.026071400290902838     9.299600000000003        1615.8726385347525
0.045717457247313784      0.027654665264053472     9.299600000000003        1616.0066807813403
0.05224956235601184       0.017492662278945227     9.299600000000003        1615.1283391147217
0.05097681548136392       0.0161230066983566       9.299600000000003        1615.1863266851735
0.04974272600805007       0.01953534623066311      9.299600000000003        1615.4039310709495
0.05162895384904077       0.01924736668881279      9.299600000000003        1615.2366335622817
0.05035791764447436       0.017857242491158786     9.299600000000003        1615.2965892279599
-0.028250540986709496     -0.047306626744656494    9.299600000000003        1613.431125465677
-0.02819642321965236      -0.04542263859573191     9.299600000000003        1613.5639992017543
-0.02663668307313392      -0.04823377566458408     9.299600000000003        1613.3972492271034
-0.026581968996805018     -0.04634861394871955     9.299600000000003        1613.5302155182196
-0.019896243746644768     -0.05138238496580419     9.299600000000003        1613.2753981896687
-0.02011074241521045      -0.04949764217994643     9.299600000000003        1613.4067140110144
-0.021620288719268854     -0.05068109228988122     9.299600000000003        1613.3036145987808
-0.023319664550259984     -0.04992197156827192     9.299600000000003        1613.3333615203892
-0.021805694002209157     -0.048802930051896884    9.299600000000003        1613.4337610176508
-0.024992432220967396     -0.0491058889714905      9.299600000000003        1613.3650058842215
-0.025064597759806274     -0.04722361890652816     9.299600000000003        1613.494754647715
-0.0233930993045145       -0.048035940166410385    9.299600000000003        1613.4651733689404
0.022037873528157958      -0.048645409548988196    9.299600000000003        1613.178977020125
0.021837626432157895      -0.05058782533188713     9.299600000000003        1613.0555325998055
0.020361758325285115      -0.04940910919195085     9.299600000000003        1613.1696550422641
0.02011660747786966       -0.05129651161220732     9.299600000000003        1613.050648592491
0.01874678219395014       -0.05001029943424172     9.299600000000003        1613.1685542068733
0.018372635109522587      -0.05194666764223033     9.299600000000003        1613.046596803006
0.014823813666832669      -0.0530684892226171      9.299600000000003        1613.0425739483537
0.013538438224783868      -0.051659777110121395    9.299600000000003        1613.1621794209643
0.0130230138621336        -0.053538874754207134    9.299600000000003        1613.0420721801431
0.011792104864782268      -0.05210048911851445     9.299600000000003        1613.1609485831052
0.011207354562373012      -0.05394817145847724     9.299600000000003        1613.0428570337633
0.00569200726973666       -0.05480521009211868     9.299600000000003        1613.0515743984577
0.004702639689825573      -0.053198419190642124    9.299600000000003        1613.1742296668288
0.003837760986356673      -0.054966185883792235    9.299600000000003        1613.057284848245
0.010020389412904894      -0.05249332216658604     9.299600000000003        1613.1601600941794
0.009378907467749047      -0.054295912320462984    9.299600000000003        1613.0447161710288
0.008250866307896775      -0.05279714254420278     9.299600000000003        1613.162979249498
0.007539758869565706      -0.054581700561532595    9.299600000000003        1613.047618352609
0.0064532475276364056     -0.05303966369819931     9.299600000000003        1613.1672946719007
0.01702533186353321       -0.050622988731196014    9.299600000000003        1613.1648806655342
0.016607699231225553      -0.05253755158213173     9.299600000000003        1613.04470541435
0.015297302494171291      -0.05116586143508929     9.299600000000003        1613.162785349736
-0.018149496798976723     -0.05202504940837573     9.299600000000003        1613.248763870664
-0.018395542920783606     -0.050150262351539084    9.299600000000003        1613.3793060998796
-0.01638204094621894      -0.05260835232580857     9.299600000000003        1613.2235760087888
-0.016701160664967466     -0.05076585552184441     9.299600000000003        1613.3523064584544
-0.014595892887562054     -0.0531316281588925      9.299600000000003        1613.200086524086
-0.01503570927821489      -0.05130378931065954     9.299600000000003        1613.3266217737228
-0.012793090650342693     -0.053594279840409445    9.299600000000003        1613.1779445361824
-0.013237242781274155     -0.05174681949415813     9.299600000000003        1613.3079370751072
-0.010975691264617454     -0.053995779476397984    9.299600000000003        1613.1584245227684
-0.011481886700927044     -0.05216247499343023     9.299600000000003        1613.2873518640693
-0.009145768416054065     -0.05433566894849009     9.299600000000003        1613.1407917260506
-0.009694537648981314     -0.05253348934031586     9.299600000000003        1613.2677247668214
0.0028705611727160817     -0.05332077182161706     9.299600000000003        1613.181776026984
0.00197913574807211       -0.05506444426025478     9.299600000000003        1613.0649796115006
0.0010498796527229908     -0.05339446058682001     9.299600000000003        1613.1894398435606
1.1825227999635206E-4     -0.05509987310691629     9.299600000000003        1613.0736743328346
-7.617048850332352E-4     -0.05344867708619803     9.299600000000003        1613.1950724465796
-0.001742766116076091     -0.05507243199882006     9.299600000000003        1613.0838978945092
-0.0025000869418266413    -0.05335712354797521     9.299600000000003        1613.208491154826
-0.0036017959843952815    -0.05498215224676819     9.299600000000003        1613.0957002695213
-0.007305410079818553     -0.054613560436632284    9.299600000000003        1613.1243673736165
-0.007965517364022302     -0.05283477910600507     9.299600000000003        1613.250441517883
-0.004342727851118251     -0.05323460519633941     9.299600000000003        1613.2223126877504
-0.0054567161381576645    -0.05482913686159551     9.299600000000003        1613.1098387181312
-0.006133630061667277     -0.053049575179551584    9.299600000000003        1613.2362841643169
2.9274826104874594E-4     0.004461512907957973     9.299600000000003        1618.390200689964
7.900158591662787E-4      0.0026924941123598685    9.299600000000003        1618.2703591985517
0.0019486461632355133     0.004298380264330694     9.299600000000003        1618.3518094597036
0.0032316649176917225     0.004223007228266846     9.299600000000003        1618.320733767373
0.0026410022419812744     0.002883606595406114     9.299600000000003        1618.248964449707
8.461601001037768E-5      0.0061621487697773635    9.299600000000003        1618.4983337203957
0.0016008643460676735     0.005600503666867903     9.299600000000003        1618.4388329048395
0.0029278433946627823     0.00536651242061481      9.299600000000003        1618.397954681026
0.0026333656555054237     0.006656750724633253     9.299600000000003        1618.4824355506478
0.0014332845222753635     0.006781035799516888     9.299600000000003        1618.5135240487273
6.202941039952537E-4      0.00756937979568425      9.299600000000003        1618.5747048304613
-0.004501591300141756     0.005298601024377407     9.299600000000003        1618.486982006916
-0.004440109810906551     0.007046939133783258     9.299600000000003        1618.594225018108
-0.006081289949285106     0.006156214903997194     9.299600000000003        1618.5426660038063
-0.0013287468101338417    0.005122499365003846     9.299600000000003        1618.4527027971228
-0.001446752080564027     0.003241173692386114     9.299600000000003        1618.3352739866727
-0.004290475544051321     0.003844256633482073     9.299600000000003        1618.3944777223542
-0.00297702378745292      0.004475234620401106     9.299600000000003        1618.427271251647
-0.003358036201664858     0.0028624087457937244    9.299600000000003        1618.3268129520004
-6.828924522114845E-4     0.007703378480311412     9.299600000000003        1618.6018903841748
-0.0028470874634016065    0.006025736762014607     9.299600000000003        1618.5228260414472
-0.002480064451723399     0.007963796410075162     9.299600000000003        1618.6370217946812
-0.0013923037353858073    0.00655195699347087      9.299600000000003        1618.5412850632772
-0.0060132681121590715    0.0041787288003457615    9.299600000000003        1618.4188993780715
-0.0076210022185574915    0.005345591524467355     9.299600000000003        1618.4889871541016
-0.007643417115813661     0.007105673954768085     9.299600000000003        1618.597303679024
-0.008831890464745638     0.006236367140658546     9.299600000000003        1618.5375534474679
-0.008890624133658143     0.002121259556184053     9.299600000000003        1618.2748845067094
-0.007986242401882506     0.0035345310696025672    9.299600000000003        1618.3724460543901
-0.009822170408927779     0.003223694106417366     9.299600000000003        1618.3390687869157
-0.0022978070178933793    0.001708883046484396     9.299600000000003        1618.244016210321
-0.004997937706932809     0.002638773874185825     9.299600000000003        1618.318923214443
-0.006448526148953841     0.002578888794749222     9.299600000000003        1618.3154854693332
-0.005923920229794392     0.001205918411196431     9.299600000000003        1618.2254686475278
-0.00402388304643475      0.0014130367258007996    9.299600000000003        1618.2354357510512
-0.006009617444004228     -3.1203359933183874E-4   9.299600000000003        1618.123276338817
-0.005225914547732817     -0.001455860243198935    9.299600000000003        1618.0446496793784
-0.004616378004366313     3.7052872185168764E-5    9.299600000000003        1618.1454993337563
-0.003400804029110726     -0.0012922824012467418   9.299600000000003        1618.0499934717848
-0.0031049957031844327    3.4169082226172617E-4    9.299600000000003        1618.1592098109058
-0.002132276939994567     -3.835020596478686E-4    9.299600000000003        1618.1031541417663
-0.0017867681268954718    5.768592640207484E-4     9.299600000000003        1618.1645569274558
0.009262996535060708      -0.004479570277773933    9.299600000000003        1617.5792555279543
0.007635900150396982      -0.004327256677785349    9.299600000000003        1617.6420474866445
0.008518878874577241      -0.0058158012450273845   9.299600000000003        1617.5104066364736
0.00658916328912565       -0.005651147166866653    9.299600000000003        1617.5793988285911
0.004384498423389123      -0.0036401544093228977   9.299600000000003        1617.7764899169397
0.00322006553267227       -0.004562445068456537    9.299600000000003        1617.7369362663192
0.005026653103478818      -0.005009476897789528    9.299600000000003        1617.665279234116
-0.0070307405746956025    -0.0016166866616099205   9.299600000000003        1618.0316855519618
-0.007533925814040341     0.0017481821165309525    9.299600000000003        1618.2579528014594
-0.00729652063100345      1.520598988692199E-4     9.299600000000003        1618.1520595727109
-0.008827640239443069     7.4738801788218E-4       9.299600000000003        1618.183958399547
-0.008401507464305394     -6.403369920140879E-4    9.299600000000003        1618.0926190014468
-0.008826416914572746     -0.002034072370273991    9.299600000000003        1617.9931918075383
-0.010047687936829332     -6.278297297170417E-4    9.299600000000003        1618.079993310868
-0.010262103994073983     -0.00229633121941055     9.299600000000003        1617.961843573125
-0.011616611648058002     -0.0016697660118330743   9.299600000000003        1617.9891163772736
-0.011830274219240463     1.1636192197197212E-4    9.299600000000003        1618.1090766794389
4.3698001060189654E-4     0.008778023024671035     9.299600000000003        1618.6488271323633
-0.0012330386025125124    0.009397653577025445     9.299600000000003        1618.7082504934413
-0.00296988704454713      0.009969987205535408     9.299600000000003        1618.7583305102833
1.7443025755519424E-4     0.010288666947087478     9.299600000000003        1618.7398859552286
0.0012649218986173353     0.009684356418214048     9.299600000000003        1618.6869316031525
0.0030791696590379562     -0.0026132109795056115   9.299600000000003        1617.875818493789
-7.677436935559129E-4     0.001423655565032366     9.299600000000003        1618.2096817544052
-7.619387558585501E-4     -1.5103169061462103E-4   9.299600000000003        1618.1049567646808
0.0019280026835285732     0.001599225770480652     9.299600000000003        1618.1801466737868
5.822299539099387E-4      7.965430873884477E-4     9.299600000000003        1618.1500762367805
5.94879476431327E-4       -0.001036552081496794    9.299600000000003        1618.0271456291969
-0.005034721851356635     0.015904310565184356     9.299600000000003        1619.0910321220422
-0.003625046632280096     0.014860572549777873     9.299600000000003        1619.031043552213
-0.0037948060305582156    0.016792133150539512     9.299600000000003        1619.1305171781207
0.004316883366748841      0.00339050867073689      9.299600000000003        1618.2433803539586
0.0058013627002370645     0.0030859461205147505    9.299600000000003        1618.1852693092185
0.0052223915444688        0.002118990121692222     9.299600000000003        1618.1398328172666
0.008159662725933194      0.0031434187700591604    9.299600000000003        1618.116160674664
0.0067659765808943916     0.002038533618872843     9.299600000000003        1618.091180613101
0.008741872026917463      0.0018153614485114785    9.299600000000003        1618.0131836620953
0.0020978106929932434     0.00827937308897594      9.299600000000003        1618.5896287926641
0.0038030129859927477     0.007715962267548229     9.299600000000003        1618.5187526737202
0.003669319422184407      0.00931887593660087      9.299600000000003        1618.6148448464828
0.0038345897661882034     0.0063539958688422545    9.299600000000003        1618.4371257821056
0.006738275627255986      0.0034593572328222204    9.299600000000003        1618.1812501521483
0.004567871144034817      0.005205200002699096     9.299600000000003        1618.3494218616984
0.007364446242199486      0.004684107039464375     9.299600000000003        1618.2369283159521
0.005727281832787002      0.004348463605657159     9.299600000000003        1618.2657934184672
0.006268404938728713      0.005906118285272344     9.299600000000003        1618.3446584351652
0.006245640628233258      -0.004345077830348894    9.299600000000003        1617.6807068756455
0.009725037992462828      -0.0035268118342470195   9.299600000000003        1617.6285753093714
0.008437746989987518      -0.0029313218777929483   9.299600000000003        1617.7126415488256
0.005450114482464699      6.970783254298068E-4     9.299600000000003        1618.0421412786204
0.008733853506906865      2.2259656803770393E-4    9.299600000000003        1617.9116851437122
0.007172181815546756      7.355899391472283E-4     9.299600000000003        1617.9954067596316
0.0075702762991198816     -5.136489890134362E-4    9.299600000000003        1617.9016854918768
0.008616947434940741      -0.0014944719398876337   9.299600000000003        1617.8031351671352
0.006595403202981382      -3.7074586604771836E-4   9.299600000000003        1617.9404148143058
0.005070626262807182      -0.0022436443323614968   9.299600000000003        1617.856117040785
0.00654747008772051       -0.0030564301767017237   9.299600000000003        1617.7614384247265
0.006871250293863184      -0.0017327467139499864   9.299600000000003        1617.84185801449
0.005466847108478824      -0.003657059077085893    9.299600000000003        1617.7490501122493
0.005610971219610955      -8.847916658972034E-4    9.299600000000003        1617.9336898250417
0.010343857022232854      -0.0022909952423595956   9.299600000000003        1617.6893805622626
0.00393237961283698       -6.992827270158373E-4    9.299600000000003        1617.9873653833988
0.002235693492747002      -0.0013161706445895414   9.299600000000003        1617.980815615092
0.002154463067494185      1.1524602356060854E-4    9.299600000000003        1618.0783899643595
0.0036362338548835225     0.0014480154394764303    9.299600000000003        1618.1353995799852
0.010306735527459204      -5.534740881755133E-4    9.299600000000003        1617.8050404303578
0.0118109956364747        -0.0011850071786244343   9.299600000000003        1617.7050910683727
0.011005959792792428      -0.004206694233045932    9.299600000000003        1617.5353491072888
-0.0035447092734618127    0.02297831343464951      9.299600000000003        1619.4120583279491
-0.00488632517152271      0.023582347604292023     9.299600000000003        1619.4426507782189
-0.004776522890148159     0.021664808091361055     9.299600000000003        1619.362158751705
-0.009304316739608147     0.004852753065438917     9.299600000000003        1618.447724101664
-0.010351159782379535     0.006268842850557777     9.299600000000003        1618.5260909073986
-0.004447451359223004     0.008851559569758579     9.299600000000003        1618.701905174226
-0.006116974000650951     0.007927258349894476     9.299600000000003        1618.650137347642
-0.003492718567119916     0.011739734633702032     9.299600000000003        1618.8620683730933
-0.004710715369672884     0.010603199289874273     9.299600000000003        1618.8041118691438
-0.004948054716103296     0.011951871804736685     9.299600000000003        1618.8805776133113
-0.006210325947272529     0.011287497747454961     9.299600000000003        1618.844970815222
-0.009353943214055771     0.007886994621018596     9.299600000000003        1618.6338233408155
-0.010622651333979797     0.00908744904830011      9.299600000000003        1618.6923805596718
-0.009336030678974388     0.009796294511530539     9.299600000000003        1618.7463006975684
-0.010962992337501315     0.01077802312546673      9.299600000000003        1618.7856587768422
-0.009356669868831801     0.011545770474489408     9.299600000000003        1618.8455268587552
-0.007722904091537099     0.010563109733911868     9.299600000000003        1618.800424099728
-0.007704594063667043     0.008780981791546672     9.299600000000003        1618.6972291011314
-0.0061926443386365725    0.009622920612016656     9.299600000000003        1618.7499527565908
-0.0017038241280935014    0.014881071645890793     9.299600000000003        1619.0152473417459
-0.002467254462238025     0.013249108856344375     9.299600000000003        1618.9366665450523
-0.004331297606529561     0.013196292121391841     9.299600000000003        1618.946478241759
-0.005506112794380665     0.014442153541563802     9.299600000000003        1619.0162977880466
-0.0059773583075088356    0.01295183976515781      9.299600000000003        1618.936968920487
-0.00754963171033903      0.014267725644936797     9.299600000000003        1619.0044849077847
-0.007722613865459431     0.012310659398422128     9.299600000000003        1618.8982948449639
-0.009364939420071564     0.013289293300481035     9.299600000000003        1618.9410423223383
-0.010853912747491128     0.012476121713423804     9.299600000000003        1618.8814746663593
-0.005547630986184981     0.01754957326143956      9.299600000000003        1619.174021513732
-0.006577165343416384     0.01591926748002129      9.299600000000003        1619.0926462938187
-0.006994377588484344     0.0189426653932928       9.299600000000003        1619.2395342694906
-0.005267896971040816     0.01965842101188228      9.299600000000003        1619.2736839201334
-0.008605666012417381     0.018454672940938797     9.299600000000003        1619.2085697350296
-0.008370363833374238     0.02006507734869514      9.299600000000003        1619.2846789647303
-0.007470331351293164     0.01727511159061412      9.299600000000003        1619.1579299704165
-0.008311659175676413     0.01599244089908917      9.299600000000003        1619.0898479531131
-0.009514634090619534     0.01489168329225834      9.299600000000003        1619.0243915178298
-0.009721260642542886     0.016311282981672875     9.299600000000003        1619.0947886117967
-0.011095118078565032     0.015630404899627956     9.299600000000003        1619.0447045150313
-0.008818243828874613     0.017098341742956408     9.299600000000003        1619.1415898140106
-0.011117782699520342     0.014115886345780074     9.299600000000003        1618.9661112939493
-0.012333747100944387     0.01331143187324013      9.299600000000003        1618.9056819964173
-0.012471867728042159     0.010921725873574794     9.299600000000003        1618.7722235958738
-0.013346030801593975     0.011937259623989315     9.299600000000003        1618.8136258322338
-0.013675367287571969     0.010362889508690767     9.299600000000003        1618.7193619227635
-0.012584369110985434     0.015128118780337195     9.299600000000003        1618.9966141432585
-0.006661819747298028     0.020830618552419827     9.299600000000003        1619.326422197599
-0.006456697523650919     0.02270678636162747      9.299600000000003        1619.40732523547
-0.006303498309047439     0.024494215434152637     9.299600000000003        1619.4792660824523
-0.008132348504436775     0.021895033976905454     9.299600000000003        1619.3664253048294
-0.008012858980438286     0.023761826017352196     9.299600000000003        1619.4437732607146
-0.009805260862744403     0.022884279243489018     9.299600000000003        1619.3929462952376
-0.009533346795140724     0.024900500359001102     9.299600000000003        1619.4744372501607
-0.0077554080591905345    0.025552657933173125     9.299600000000003        1619.5135247113014
-0.009500211108361804     0.021173747982876256     9.299600000000003        1619.324371924915
-0.010264445836396258     0.019614865124265385     9.299600000000003        1619.2469033742907
-0.010999018170641575     0.021388383725235747     9.299600000000003        1619.3156465900072
-0.010113116835907265     0.017838702208164157     9.299600000000003        1619.1656092841315
-0.012468666965601885     0.016495995688679245     9.299600000000003        1619.0673597567977
-0.010962356049705685     0.01688204204656837      9.299600000000003        1619.1089521106924
-0.011771213472112652     0.018278840770955367     9.299600000000003        1619.164645346395
-0.012217248036862053     0.020265906798149082     9.299600000000003        1619.2480276411677
-0.02047158789448508      0.019634001715982462     9.299600000000003        1618.9903091453255
-0.019076511369304973     0.02084023787506917      9.299600000000003        1619.0923357148783
-0.02089252976301635      0.021319402260476652     9.299600000000003        1619.0426491399342
-0.012642243933231755     0.021851958226092122     9.299600000000003        1619.3083453616002
-0.012817562458487137     0.023542244590429553     9.299600000000003        1619.3727555670796
-0.014345723215156942     0.02248676061428261      9.299600000000003        1619.2984129725592
-0.014024504917644462     0.020711160989345674     9.299600000000003        1619.232121704352
-0.015850392192314697     0.021225939705618518     9.299600000000003        1619.2090906498822
-0.017883123714128164     0.012760412078857693     9.299600000000003        1618.7482848413172
-0.019183695367733247     0.013806324627295525     9.299600000000003        1618.7618189144712
-0.01959254698782126      0.011890226645242261     9.299600000000003        1618.6468402438654
-0.011207219594876404     0.0045097141327777165    9.299600000000003        1618.4060982605645
-0.012308149799995663     0.0060238172593628245    9.299600000000003        1618.4853606681665
-0.011319358338361665     0.007674357310613735     9.299600000000003        1618.600043651835
-0.01230166161758961      0.0032450263826397092    9.299600000000003        1618.309656804677
-0.013122636144335516     0.004446948632075841     9.299600000000003        1618.3732445443338
-0.013971533702194144     0.0026871279796433223    9.299600000000003        1618.2443846465883
-0.014318825165953205     0.005898395706858542     9.299600000000003        1618.4416308477648
-0.014932156481366312     0.0041324123826874904    9.299600000000003        1618.3178911152097
-0.010405118609906856     0.001470161070432935     9.299600000000003        1618.2180424337018
-0.012246059508220287     0.001802193299869586     9.299600000000003        1618.2160343382723
-0.013681342733983262     6.323221074310586E-4     9.299600000000003        1618.1135471090363
-0.011198746856838419     0.0028390640239671886    9.299600000000003        1618.2988021330132
-0.015872561918455607     0.0027429019468288617    9.299600000000003        1618.2069419849013
-0.015780029569520113     0.006696378964072085     9.299600000000003        1618.4582566405306
-0.016064560591648847     0.005340021347353622     9.299600000000003        1618.3678438480486
-0.016329016037550714     0.004036601987143669     9.299600000000003        1618.2791469553551
-0.017756920329596273     0.004770116891788671     9.299600000000003        1618.287329218292
-0.017221910479000128     0.003305700528025226     9.299600000000003        1618.2090190708661
-0.017337946928420084     0.006658682404752438     9.299600000000003        1618.4157541709446
-0.016270522934949832     0.007672365008417463     9.299600000000003        1618.5050188130665
-0.01937571421557118      0.004697912292587897     9.299600000000003        1618.2335124612741
-0.019019506746475318     0.006183051713106623     9.299600000000003        1618.3368436914927
-0.01881034821328507      0.007528089409260265     9.299600000000003        1618.4245513440826
-0.012234590261337481     0.009359327899498017     9.299600000000003        1618.6865544589634
-0.013084423057254987     0.007480996122073719     9.299600000000003        1618.5614735294819
-0.014807449316003906     0.007641426673889137     9.299600000000003        1618.5374512924593
-0.015885157982289927     0.008942651135813011     9.299600000000003        1618.5894942594032
-0.014040219446125506     0.008962126644475732     9.299600000000003        1618.631496614362
0.011919452928599857      -0.002676442334453255    9.299600000000003        1617.6026058794494
0.013409676104593         -0.002083745513021398    9.299600000000003        1617.578619018466
0.01029835082416215       -0.005720710080693551    9.299600000000003        1617.456803661166
0.01225929954261088       -0.005446101772285766    9.299600000000003        1617.4011321661521
0.01287577304078873       -0.003846038286730635    9.299600000000003        1617.4847789324706
0.014589463874961899      -0.003057141359108204    9.299600000000003        1617.4613243158956
0.01434937873200732       -0.0051717112110234      9.299600000000003        1617.3306269321745
0.015958204205102088      -0.004232649280290091    9.299600000000003        1617.3181398997233
-0.004385172438638722     -0.002524981658597038    9.299600000000003        1617.9685703552007
-0.0032678800131106553    -0.0026948936798712156   9.299600000000003        1617.951941325465
-0.005934255301908281     -0.0031923618032843907   9.299600000000003        1617.9232636114637
-0.00786238078252089      -0.003326416799428679    9.299600000000003        1617.908025286208
-0.007072532554840353     -0.004647010000204436    9.299600000000003        1617.8166480096459
-0.00414593548761964      -0.003940848636703184    9.299600000000003        1617.8676960111563
-0.0023913621157667657    -0.0036901697561784763   9.299600000000003        1617.8761250348869
-0.0021418386603901723    -0.0051185119657072165   9.299600000000003        1617.7719899894698
-0.0033397077881537635    -0.004949584097013001    9.299600000000003        1617.791867424481
-0.005576715514241148     -0.004723955974428459    9.299600000000003        1617.8137451204607
-0.007812152855777513     -0.006020975865783166    9.299600000000003        1617.7129220780496
-0.007611864664016298     -0.007510374198133571    9.299600000000003        1617.6029070153154
-0.00612716711183437      -0.0062753401261544306   9.299600000000003        1617.6998745379274
-0.0014398397410296821    -0.001980125907004464    9.299600000000003        1617.987613171938
-0.004612902850375528     -0.005511708485678956    9.299600000000003        1617.7555518547686
-0.001020842391097007     -0.005671619232303337    9.299600000000003        1617.7218333491578
-7.035104832823615E-4     -0.0040924906969405355   9.299600000000003        1617.831842237163
0.0013677985201899058     -0.0038787162941523396   9.299600000000003        1617.8187183482753
0.001426846579244256      -0.00221860956318285     9.299600000000003        1617.9333517748767
2.640236382947729E-4      -0.0027075375016930117   9.299600000000003        1617.9170993208609
4.397139551013874E-4      -0.005611743504328005    9.299600000000003        1617.7087751895633
0.0028337489504044666     -0.006014060719938965    9.299600000000003        1617.6407474363589
0.0019550825511541674     -0.005411963991787904    9.299600000000003        1617.6999385573447
0.001770732553488496      -0.006880706115845772    9.299600000000003        1617.596469764681
0.009463768260641372      -0.007109111600379006    9.299600000000003        1617.3875005940183
0.011283253210186483      -0.007130604410255       9.299600000000003        1617.3211327163708
0.010454202154252643      -0.00870755210151907     9.299600000000003        1617.237838761408
0.005696236538217677      -0.006823614586080028    9.299600000000003        1617.5189507343496
0.00407192372167859       -0.006003900510010254    9.299600000000003        1617.61627005047
0.0042948262302583496     -0.007621613334169927    9.299600000000003        1617.4938000061
0.003143454565725701      -0.006923219710682845    9.299600000000003        1617.5687707493623
0.002780507582963657      -0.008181830078539516    9.299600000000003        1617.48288462387
0.007599540845614225      -0.007335254041714563    9.299600000000003        1617.4299391977709
0.006493791216844605      -0.008046961733924435    9.299600000000003        1617.4091050918132
4.095547660955672E-4      -0.007215018457739698    9.299600000000003        1617.592003819734
-6.026560419318658E-4     -0.006592593421874453    9.299600000000003        1617.6501262618458
-0.00323674904807134      -0.00620840109298452     9.299600000000003        1617.6996076782832
-0.0019779962290128804    -0.006719433519359153    9.299600000000003        1617.6537997231173
-8.372480163311638E-4     -0.007504937984779859    9.299600000000003        1617.5852022985464
-2.3473103185919655E-4    -0.008652603402371815    9.299600000000003        1617.4926709347055
-0.0019190239077588299    -0.008505547839969438    9.299600000000003        1617.5199755658616
0.005506240918754165      -0.008659399021845563    9.299600000000003        1617.3891464972264
0.004279985741879595      -0.00934214842975724     9.299600000000003        1617.3662577754333
0.0057360545439085805     -0.010165926715887301    9.299600000000003        1617.2706501746452
0.004435383974704986      -0.010951885266118937    9.299600000000003        1617.2406559808921
0.002851099029257661      -0.010206083391061691    9.299600000000003        1617.329080610429
0.0013770600463326827     -0.008812301232057436    9.299600000000003        1617.4592035307435
3.457730011976133E-4      -0.010259319205204856    9.299600000000003        1617.3633584454217
0.0014372712473917453     -0.010242962465623486    9.299600000000003        1617.3496258382427
0.00718143824460247       -0.009154692471323337    9.299600000000003        1617.3085307434462
0.008831935503831132      -0.008445193489302498    9.299600000000003        1617.3114781241813
0.012430840945869596      -0.010660947630006083    9.299600000000003        1617.020491120577
0.01095298239717631       -0.010140670292500556    9.299600000000003        1617.1146112790518
0.011463129318323637      -0.01190726833559223     9.299600000000003        1616.963517097521
0.009605659057809654      -0.011832901903682488    9.299600000000003        1617.0334278808275
0.010665952723539126      -0.01353821938263818     9.299600000000003        1616.866508501617
0.009009095929713606      -0.00994777827447935     9.299600000000003        1617.1948723257608
-0.009606382146531266     -0.003574820039221733    9.299600000000003        1617.8776926708904
-0.015455356830075411     0.0011610077410053037    9.299600000000003        1618.1122800970097
-0.01877496247489254      0.0031377078594366586    9.299600000000003        1618.1532234464332
-0.015003364323985075     -7.10227288714943E-4     9.299600000000003        1617.9954369806985
-0.011471705303096491     -0.0035742614275232915   9.299600000000003        1617.8564614068116
-0.010502190945155159     -0.005146694415875031    9.299600000000003        1617.7547010428589
-0.013305511562242526     -0.0010785759339484225   9.299600000000003        1618.003523522638
-0.014382671834216616     -0.002522935681679077    9.299600000000003        1617.8820688361347
-0.012856723127961505     -0.002547075702491219    9.299600000000003        1617.9085853143654
-0.012324963038756128     -0.005362722673981438    9.299600000000003        1617.7142565297343
-0.013363346438762568     -0.0040427425119030115   9.299600000000003        1617.7929867615346
0.005223829895694628      0.0067783624482774425    9.299600000000003        1618.4266246927384
0.006884352451445393      0.007718557632647277     9.299600000000003        1618.432418376314
0.007991265203090283      0.006213611136961277     9.299600000000003        1618.3078014686625
0.005182797514286479      0.008634590605679433     9.299600000000003        1618.5361467653931
0.005048805887452013      0.01050214990574022      9.299600000000003        1618.6455163644093
0.006582530939313222      0.00973934557279881      9.299600000000003        1618.557151375993
0.008054853696333977      0.009227260106065022     9.299600000000003        1618.4791996049812
0.008895091962620824      0.007930510572894794     9.299600000000003        1618.3754825661745
0.006580982610424574      0.01169386920438279      9.299600000000003        1618.6647406225627
0.004767898871659448      0.012555386392613156     9.299600000000003        1618.7654752145247
0.009487032227147718      0.009637504870457433     9.299600000000003        1618.4489685881697
0.008108728717308304      0.010883795531583012     9.299600000000003        1618.5688299971662
0.00958852034691245       0.011492151201285616     9.299600000000003        1618.5456571788727
0.010600065555653617      0.00832337230928351      9.299600000000003        1618.331165449312
0.01133753595355609       0.010217791730044607     9.299600000000003        1618.4042293853183
0.001595782662429242      0.024040192228974685     9.299600000000003        1619.385334198534
4.802858674823888E-4      0.025289852785039233     9.299600000000003        1619.455506128009
-1.5536813816605457E-4    0.02358018836605383      9.299600000000003        1619.3991212062936
0.0033314745326914943     0.011154277567858823     9.299600000000003        1618.7261914745925
0.002376282576063822      0.009897573428714184     9.299600000000003        1618.6771800317015
0.0016180063386958593     0.01092980532819407      9.299600000000003        1618.750717697127
5.090821952545697E-4      0.012003034888661421     9.299600000000003        1618.830217177163
0.0019516532550420524     0.01210669789824009      9.299600000000003        1618.8090836656477
-0.001433573061268302     0.011388061301399119     9.299600000000003        1618.823772437501
-6.150881102113601E-4     0.013399306249510613     9.299600000000003        1618.9232515622089
0.001381066024393482      0.013473511369502662     9.299600000000003        1618.8940907740005
0.003120918451507478      0.01306189447035359      9.299600000000003        1618.834898487119
3.9014213302389486E-4     0.015239279423899233     9.299600000000003        1619.0043340775596
0.002306544292010966      0.014744496643953033     9.299600000000003        1618.9418046181902
0.0019169066881262252     0.016249781033772538     9.299600000000003        1619.026725307637
0.0034750049850166592     0.01614865700278154      9.299600000000003        1618.9857327186655
0.002533464948606349      0.017771489886387604     9.299600000000003        1619.087929849805
0.00821815642410947       0.01286981893914985      9.299600000000003        1618.6708673428643
0.007657796451466291      0.014651184072159864     9.299600000000003        1618.7828691988623
0.0061689831021172975     0.01360095575294366      9.299600000000003        1618.779123392227
0.004460049493083369      0.01457467604147373      9.299600000000003        1618.8800488126274
0.00527984353056922       0.01641835553017185      9.299600000000003        1618.9493687704926
0.006189549038005776      0.015144084570057371     9.299600000000003        1618.8576189040623
0.004475027534149643      0.017915608648807705     9.299600000000003        1619.0453112751059
0.007186839322702951      0.01641329969942601      9.299600000000003        1618.8870978349178
0.006532556636397232      0.01780313158118832      9.299600000000003        1618.9763619291832
0.0011427172477616273     0.026824854157202784     9.299600000000003        1619.499238297499
0.0028570573491818346     0.02653372521555955      9.299600000000003        1619.4506597958907
0.001942849201598505      0.028118050254085907     9.299600000000003        1619.526561316844
0.003066522477514942      0.02989141165855147      9.299600000000003        1619.5549902173514
9.724936822136428E-4      0.029719400063809985     9.299600000000003        1619.5970224763848
-9.30331667400617E-4      0.016492816536554586     9.299600000000003        1619.0879348789674
-0.0024435920432236656    0.016178763264732533     9.299600000000003        1619.089431755218
0.001539089709309643      0.018924753530520134     9.299600000000003        1619.1642260297876
7.284664921109443E-4      0.01719076542144211      9.299600000000003        1619.096518812866
-4.58439911545724E-4      0.018436178992895767     9.299600000000003        1619.1762486408295
-0.002266314978600048     0.017775884395067224     9.299600000000003        1619.1668632892254
-0.0019046078467210114    0.019794020188746157     9.299600000000003        1619.2585085510884
-0.0036643097725703863    0.020267236923849095     9.299600000000003        1619.2951518872685
-0.0035829380028230924    0.018611474611419217     9.299600000000003        1619.2177813577982
0.016179401271625194      0.012743024196652176     9.299600000000003        1618.291480810808
0.014762174041720498      0.011908299681827817     9.299600000000003        1618.327457569253
0.01659392439773485       0.010984787324263574     9.299600000000003        1618.1796914438369
0.014869317686082911      0.013885987430630492     9.299600000000003        1618.4201893050451
0.013374205579519634      -3.2992600167693005E-4   9.299600000000003        1617.693338462106
0.011806166501973291      3.5926487832619344E-4    9.299600000000003        1617.8045760540008
0.010238354877842446      9.072010306658785E-4     9.299600000000003        1617.901438481268
0.009879306253276479      0.006526067178129924     9.299600000000003        1618.2572243161842
0.009053199228157999      0.004822139481279091     9.299600000000003        1618.1874462150665
0.010728876318532478      0.005061519872508507     9.299600000000003        1618.137496791224
0.010052831266455444      0.0033301900595798257    9.299600000000003        1618.0596677311516
0.01014936510611893       0.0019631356345162477    9.299600000000003        1617.9713771819024
0.011598107492516618      0.0020320262671656092    9.299600000000003        1617.9181666282332
0.013360830594345167      0.0016325913865960716    9.299600000000003        1617.8169851013383
0.01161123015896082       0.003816146654493856     9.299600000000003        1618.0266562252846
0.012588665496325126      0.00511378070554265      9.299600000000003        1618.0613065201035
0.01485368831494286       9.358763309860893E-4     9.299600000000003        1617.7038366851505
0.015217203727891909      -0.0011688565099797763   9.299600000000003        1617.553974365374
0.016507839909790864      1.2356798438022354E-4    9.299600000000003        1617.570391252587
0.017152207713838064      -0.0015999208889940831   9.299600000000003        1617.4285611942457
0.01613278196159623       -0.002719036261350127    9.299600000000003        1617.4090524692683
0.01760052867193558       -0.0034331129068960217   9.299600000000003        1617.2870283028135
0.018391901957864224      -5.208957660240601E-4    9.299600000000003        1617.428796137321
0.01307732226698483       0.003304141788058547     9.299600000000003        1617.9317570450157
0.014967890468127134      0.0029410252298194286    9.299600000000003        1617.8202220840833
0.01582330151932663       0.0046625407553458585    9.299600000000003        1617.8778495391487
0.014100089870814642      0.004893046926959946     9.299600000000003        1617.9779669472116
0.015536272548475102      0.007453951520408151     9.299600000000003        1618.0504592358427
0.016051863054368825      0.009034138667578667     9.299600000000003        1618.1083202623959
0.014088357416386445      0.0086162289124332       9.299600000000003        1618.188534483437
0.01524562748145292       0.005959239070913456     9.299600000000003        1617.9820590984327
0.016848200007376444      0.006101359291346129     9.299600000000003        1617.9044273722086
0.005701468289441799      0.027621117835650556     9.299600000000003        1619.4053304921783
0.007063613714344333      0.029215958194076515     9.299600000000003        1619.40743517264
0.004966679232693023      0.029328072097430307     9.299600000000003        1619.4836926782752
0.008688794198208059      0.02994616799838803      9.299600000000003        1619.3629267526237
0.007699678960999509      0.03101324266964599      9.299600000000003        1619.4334980636975
0.00603998724438472       0.03079324896625174      9.299600000000003        1619.4901946901116
0.004573625150898037      0.030839158741312198     9.299600000000003        1619.5395545254185
0.0052224646165325355     0.03257420187565637      9.299600000000003        1619.5632120462853
0.0018361170002165956     0.03131937230220963      9.299600000000003        1619.624342410784
0.0034628901222509972     0.03175012217810335      9.299600000000003        1619.5956543941795
0.003798488496251247      0.03332985555026595      9.299600000000003        1619.6238216398085
0.004834268815600478      0.0342644181022513       9.299600000000003        1619.6121317687741
-0.002795546565401675     0.02161406696316199      9.299600000000003        1619.348608813594
-0.00198453322368426      0.02330453809812192      9.299600000000003        1619.4122096712617
-9.365572412055322E-4     0.021728096528499868     9.299600000000003        1619.3329511582522
8.399127621795644E-5      0.028371288727451368     9.299600000000003        1619.5709260235233
-6.40104155141892E-4      0.026692280665228305     9.299600000000003        1619.525083344097
-0.001389932778237308     0.025045119473206808     9.299600000000003        1619.474373774691
-0.003361740387062105     0.024744153865356836     9.299600000000003        1619.4815688396595
-0.002540200075137621     0.02655860615361193      9.299600000000003        1619.5425564433244
-0.006054439555300595     0.026141200367691797     9.299600000000003        1619.5410212933966
-0.007493659007337696     0.02733147025726148      9.299600000000003        1619.5772288220162
-0.004326520445103663     0.02635419340326951      9.299600000000003        1619.546518717292
-0.005060266927096216     0.025077109571221695     9.299600000000003        1619.5015088750436
0.0022643235532288997     0.038108849179467476     9.299600000000003        1619.7383089731677
0.0021701886532325826     0.03654892357759965      9.299600000000003        1619.7229422444475
0.0034581031854457626     0.03769118658485764      9.299600000000003        1619.7042217353153
0.0010212874364428962     0.037829483867864444     9.299600000000003        1619.7618937722384
0.005540965486035236      0.03587711834104084      9.299600000000003        1619.6169307742123
0.004073999211733009      0.03603143927346852      9.299600000000003        1619.6658328079893
0.0024165324689506026     0.03316904787054189      9.299600000000003        1619.656258853058
6.72479663978142E-4       0.03632102023339489      9.299600000000003        1619.7503937222036
0.0031339344310903536     0.03475602777458002      9.299600000000003        1619.6706291116607
0.0015344595703626856     0.03465856116958741      9.299600000000003        1619.706469510758
7.964454882569915E-4      0.03296821976621739      9.299600000000003        1619.6860982686228
-0.00561564946672448      0.02768404735336031      9.299600000000003        1619.5945700862424
-0.003796427429258643     0.02799273351639169      9.299600000000003        1619.6004468636122
-0.0018682271412755773    0.028164852008302918     9.299600000000003        1619.5908871391227
-0.003018119763510975     0.02959864018977134      9.299600000000003        1619.6460294249816
-0.0038120498343648026    0.0309824001653928       9.299600000000003        1619.6896892818397
-0.002391842824003698     0.03130733738909472      9.299600000000003        1619.6888948932783
-9.915554954952547E-4     0.03004189860680593      9.299600000000003        1619.638473286625
3.8002063898018914E-4     0.03117138364246838      9.299600000000003        1619.649034003691
-7.211411624529394E-4     0.033536668243726905     9.299600000000003        1619.7231288032517
-0.0020799175223972836    0.033191313032783686     9.299600000000003        1619.73142019997
-8.50374846973987E-4      0.03193608367100435      9.299600000000003        1619.687875083774
-0.005156981011985057     0.03156261816799109      9.299600000000003        1619.7078229214878
-0.005034415880626943     0.02964657474152393      9.299600000000003        1619.6556305403954
-0.0036389226414550646    0.032731738405779164     9.299600000000003        1619.7321182737094
-0.005255620863007305     0.0331159770288937       9.299600000000003        1619.7438684646545
-0.0065972243249515896    0.03070709785277833      9.299600000000003        1619.6829920243654
-0.006542078211035005     0.03260107373912146      9.299600000000003        1619.7294942938622
-0.009058584672967813     0.03514546116442025      9.299600000000003        1619.7545214675831
-0.007675538533107524     0.03582909089742752      9.299600000000003        1619.7794610084968
-0.009123766125066922     0.03672515259847354      9.299600000000003        1619.7730799107414
-0.007719026752809825     0.03377881019171936      9.299600000000003        1619.746130508701
-0.009080001491040037     0.03337878011523154      9.299600000000003        1619.7242714647166
-0.010332946400498349     0.03632217190048098      9.299600000000003        1619.7496825027374
-0.010446322111711412     0.034707414814661795     9.299600000000003        1619.7268756573321
-0.011669250336764232     0.03599204323051019      9.299600000000003        1619.7197723793709
-0.012422513404993138     0.03444496704649205      9.299600000000003        1619.6829227683556
-0.011991068339180042     0.01188168963137942      9.299600000000003        1618.8332812844055
-0.014221691263615966     0.015860437300502687     9.299600000000003        1619.0022689214686
-0.014194805400100645     0.013092329666654525     9.299600000000003        1618.859658144558
-0.013822323772781418     0.014398478583391        9.299600000000003        1618.9360933692444
-0.01727389789060065      0.014388062333119372     9.299600000000003        1618.8512325220452
-0.018835951468409735     0.015306213802612021     9.299600000000003        1618.8492462082545
-0.015454296892942587     0.014385364166952937     9.299600000000003        1618.8993207582419
-0.01613032837646132      0.015606994471964302     9.299600000000003        1618.9442781571597
-0.01583039101755919      0.017142300980169754     9.299600000000003        1619.0270153215863
-0.017663329692441478     0.008576392687460565     9.299600000000003        1618.5208675848285
-0.019516518708170064     0.008982236459506132     9.299600000000003        1618.4869366993623
-0.017109320324711744     0.010162625926085996     9.299600000000003        1618.6277651107646
-0.020436357061916183     0.010240890969182966     9.299600000000003        1618.5266614653756
-0.018758223927415878     0.010205412023361959     9.299600000000003        1618.5813073417055
-0.01791702926460777      0.011314697026378665     9.299600000000003        1618.6689502122294
-0.01532001421624348      0.010242401576118356     9.299600000000003        1618.6777250061905
-0.016495178917507933     0.011691541993566023     9.299600000000003        1618.7295684066282
-0.01478430908323997      0.011757049030458471     9.299600000000003        1618.7745570633886
-0.0160534198982387       0.013083723472339747     9.299600000000003        1618.8162337125739
-0.020284598244383344     0.007309534727156273     9.299600000000003        1618.3626608828856
-0.011187337377475414     0.024285768683924992     9.299600000000003        1619.4296685446343
-0.011099081276472437     0.026001946510388937     9.299600000000003        1619.493387362443
-0.011568725663591628     0.022764074463174234     9.299600000000003        1619.3642246192837
-0.017637938023005593     0.01638868051605345      9.299600000000003        1618.9401532827944
-0.017291127038298465     0.018176584099471337     9.299600000000003        1619.0348136706737
-0.018755227906468535     0.019040508914714642     9.299600000000003        1619.0269446979312
-0.01866395599835889      0.017653468530655803     9.299600000000003        1618.9674127867077
-0.01535695302208232      0.019142510715813747     9.299600000000003        1619.131807154834
-0.013819994613729245     0.017666155556414573     9.299600000000003        1619.0986791598245
-0.013438640762825808     0.019243084144591156     9.299600000000003        1619.1796402349396
-0.019380911293988612     0.016516906763164745     9.299600000000003        1618.889673642501
-0.019979213684650936     0.01798721900020966      9.299600000000003        1618.9366263236136
-0.020547508028661267     0.015182440441666986     9.299600000000003        1618.7829298188906
-0.02093796839494682      0.016870564416263743     9.299600000000003        1618.8490532172652
-0.02196508182396887      0.016006748330151838     9.299600000000003        1618.767226853964
-0.023900589750432508     0.009708369226157877     9.299600000000003        1618.358228002636
-0.022371748811193002     0.009925266679707057     9.299600000000003        1618.4351288702799
-0.023655137546165272     0.011141492808145508     9.299600000000003        1618.4477904877328
-0.025309832792046138     0.010449460415671193     9.299600000000003        1618.3342343396525
-0.02502812107048923      0.012691285124715113     9.299600000000003        1618.4665436300163
-0.02291086192836982      0.012994880983247074     9.299600000000003        1618.5779956214685
-0.02404431913919005      0.01447978395708698      9.299600000000003        1618.6027120313267
-0.02224749819900145      0.014579055076551075     9.299600000000003        1618.686132302645
-0.023341236640784458     0.015867001334833358     9.299600000000003        1618.7015333194634
-0.021097473426834164     0.013378409821100735     9.299600000000003        1618.6711141226044
-0.021699673624864378     0.011712097837404728     9.299600000000003        1618.5599539475313
-0.024942689978906682     0.01599358376981604      9.299600000000003        1618.6326850302812
-0.02414416696037826      0.0174469953510171       9.299600000000003        1618.737268350453
-0.016471528895428685     0.030479640410177054     9.299600000000003        1619.4937854803964
-0.015002117808912165     0.02965430620454904      9.299600000000003        1619.518809787407
-0.015149608000228644     0.031366592488358463     9.299600000000003        1619.5547698325988
-0.016265690057357042     0.02863465499553718      9.299600000000003        1619.4542305432751
-0.014537498374675455     0.027803071639302807     9.299600000000003        1619.4801185409187
-0.015716339293714934     0.026936425037285442     9.299600000000003        1619.4212715857568
-0.010271211517052426     0.03799826562332376      9.299600000000003        1619.7643472788538
-0.011628858658389725     0.037596586742810995     9.299600000000003        1619.7342793158198
-0.0092921886136902       0.026657331290105186     9.299600000000003        1619.5397510902937
-0.012753334607235227     0.02722657992832637      9.299600000000003        1619.5041134710648
-0.013380135175818094     0.029037579241641867     9.299600000000003        1619.5442263787188
-0.013907778149807397     0.030505015996567728     9.299600000000003        1619.569399488084
-0.012240318382891061     0.03057099113351852      9.299600000000003        1619.6096006057219
-0.011934185870141794     0.02884015716495988      9.299600000000003        1619.5693164129427
-0.010805549210297664     0.027730903758264296     9.299600000000003        1619.555285464153
-0.008986542597489579     0.02870914050643198      9.299600000000003        1619.6089666085547
-0.010671009223049642     0.02952949978155282      9.299600000000003        1619.610746987419
-0.008024660844401581     0.0319332730580435       9.299600000000003        1619.7045934355897
-0.009657214764580497     0.032114068757954174     9.299600000000003        1619.6904370821624
-0.00937819396613033      0.03059658763146233      9.299600000000003        1619.657492447475
-0.006974258383121467     0.028923793159345297     9.299600000000003        1619.6305968473498
-0.007963782245368024     0.030191787821788572     9.299600000000003        1619.6609743315269
-0.01955170954586504      0.022795520282354872     9.299600000000003        1619.151591896101
-0.017664398462052883     0.02201818978946389      9.299600000000003        1619.1875111967229
-0.01731848580034255      0.020050414102461264     9.299600000000003        1619.1171842171805
-0.017659761486795912     0.029754182025235155     9.299600000000003        1619.435930671623
-0.019269186574527423     0.029044010623409316     9.299600000000003        1619.3575794625704
-0.019344378876771078     0.030661005710527416     9.299600000000003        1619.391116325335
-0.0181025393744991       0.03143845853050188      9.299600000000003        1619.456059537318
-0.016950667736857647     0.03243998898314877      9.299600000000003        1619.5170835112729
-0.01967349027053449      0.032226926396269846     9.299600000000003        1619.4062757400468
-0.018585574800081054     0.03296499490239853      9.299600000000003        1619.4635262808927
-0.022504191063349256     0.0172712181263706       9.299600000000003        1618.8034021487263
-0.022292054300507763     0.020053019477095948     9.299600000000003        1618.932937773453
-0.021622689401943958     0.018433805197602314     9.299600000000003        1618.8925078849118
-0.023336412172646846     0.01880662940233384      9.299600000000003        1618.8341536428122
-0.02508657958636256      0.018973049858065475     9.299600000000003        1618.7570308263464
-0.024192918969156915     0.02058477543827017      9.299600000000003        1618.8664637963482
-0.023953790462812947     0.024964467265871607     9.299600000000003        1619.0320638362098
-0.02236097930653698      0.02458965321903603      9.299600000000003        1619.0970215312666
-0.022950771144094443     0.026160739460250052     9.299600000000003        1619.1173794170652
-0.024107155032850835     0.022210197940046916     9.299600000000003        1618.931974155978
-0.02271102906423798      0.021694231244083133     9.299600000000003        1618.9790365717793
-0.023272579775461343     0.023293701861002592     9.299600000000003        1619.010850853855
-0.021493209143793622     0.022949712373509783     9.299600000000003        1619.0792450791776
-0.02065862314734814      0.024374950675953463     9.299600000000003        1619.1641939931176
-0.02150264685813347      0.027089622476159498     9.299600000000003        1619.211378578553
-0.020400152048613205     0.02798859127085283      9.299600000000003        1619.283976883133
-0.022176691703139958     0.028719275930211403     9.299600000000003        1619.2218126866608
-0.018863922377008818     0.027359982940282464     9.299600000000003        1619.3285711465276
-0.019975775768003325     0.026159362687233456     9.299600000000003        1619.2495102603266
-0.021545619878525053     0.02567405255881719      9.299600000000003        1619.168127468438
-0.012841698985315746     0.02517720125240395      9.299600000000003        1619.433080540046
-0.014451376408409277     0.025989444783561372     9.299600000000003        1619.4247957851182
-0.016312908157409253     0.025250040562376407     9.299600000000003        1619.348663696472
-0.016081493656922904     0.023184657679576736     9.299600000000003        1619.2807102837317
-0.014544550033097499     0.024309854887161232     9.299600000000003        1619.363502071065
-0.018169343140290027     0.02559834179582739      9.299600000000003        1619.2999676264437
-0.01782025853504744      0.023827489113086346     9.299600000000003        1619.2509429874683
-0.019203042280963187     0.024586188835171597     9.299600000000003        1619.2286765214158
-0.017667637984354008     0.03383292185068037      9.299600000000003        1619.512217043143
-0.016413977212217882     0.03408682439938594      9.299600000000003        1619.561651212838
-0.0211710716210176       0.029901248414426224     9.299600000000003        1619.2955494940052
-0.020846038575047812     0.031571320225327416     9.299600000000003        1619.342835177327
-0.017422987791918174     0.0018194232261923144    9.299600000000003        1618.1065461044657
-0.021376133264329817     0.008623209543588773     9.299600000000003        1618.4000654784159
-0.02324758674424336      0.00836761097870603      9.299600000000003        1618.3103232288013
-0.025092369881865854     0.008531429921300017     9.299600000000003        1618.237475613272
-0.025640049986291925     0.006904376520653338     9.299600000000003        1618.117055312193
-0.023970618610830583     0.007019863760619486     9.299600000000003        1618.200353917762
-0.024529285416114818     0.00548159545031477      9.299600000000003        1618.0830711518877
-0.020914142910061335     0.005644149192953152     9.299600000000003        1618.2395177152846
-0.022149251936303887     0.007125573009819972     9.299600000000003        1618.2824040207613
-0.02291026038499156      0.005713827285255881     9.299600000000003        1618.1667437243102
-0.020481722365757658     0.0038038157850883545    9.299600000000003        1618.1398276979262
-0.021911634814532704     0.004337427638618022     9.299600000000003        1618.1211392758582
-0.021933681447673374     0.0029560696611719557    9.299600000000003        1618.0324476851004
-0.021528800043265392     0.0015222656969857582    9.299600000000003        1617.9542227969819
-0.020312479917808515     0.0024020232752909897    9.299600000000003        1618.0554249270454
-0.01911522791195884      0.0017076147033647099    9.299600000000003        1618.049268287077
-0.01858741094236315      3.509772679057705E-4     9.299600000000003        1617.9749048783126
-0.0219293997867392       2.4679069760632616E-5    9.299600000000003        1617.8390993619885
-0.020322895716406275     7.80194641687925E-4      9.299600000000003        1617.9479132129875
-0.023202355894917658     0.0015132844183460721    9.299600000000003        1617.888173350914
-0.023579263751517397     0.00375768568429179      9.299600000000003        1618.0173321086836
-0.02531102245863142      0.004187931393118597     9.299600000000003        1617.9675146668606
-0.026401393375163548     0.005367411407972357     9.299600000000003        1617.9879741663087
-0.026970661585457398     0.006648483262414905     9.299600000000003        1618.036222851186
-0.0278806476379568       0.005919852473246117     9.299600000000003        1617.9456191163774
0.012441498200683439      -0.008816136117378429    9.299600000000003        1617.1554042030677
0.013197478392356335      -0.006841516716019458    9.299600000000003        1617.2653285436425
0.014218896262143494      -0.008391622668544901    9.299600000000003        1617.1118313017644
0.01609708464651957       -0.006130025315041371    9.299600000000003        1617.1832850329718
0.014815813975363105      -0.006944886262154379    9.299600000000003        1617.1872948345356
0.0138822061579587        -0.010198086445771361    9.299600000000003        1616.9955640544295
0.014839179973158246      -0.011811710435625004    9.299600000000003        1616.8348096709406
0.015519920122853281      -0.009912653574169821    9.299600000000003        1616.9440146626446
0.016025101019201182      -0.008005604387207477    9.299600000000003        1617.05658075067
0.01748933982593829       -0.009494831214604585    9.299600000000003        1616.8791501178835
0.016785081826777442      -0.011446888022217067    9.299600000000003        1616.7722789861361
0.015970450813216474      -0.012968841665560282    9.299600000000003        1616.697050678244
0.018580795456939084      -0.011332619754322558    9.299600000000003        1616.6906626812772
0.014876540011486245      -0.015890189230240565    9.299600000000003        1616.5197420910529
0.01669356000913593       -0.01639066030747051     9.299600000000003        1616.3993468669314
0.016181110317333665      -0.01457156423009671     9.299600000000003        1616.5649866833237
0.01773596779825282       -0.013305420195745231    9.299600000000003        1616.5873683946609
0.017651384086893228      -0.01511255122353387     9.299600000000003        1616.4536620823142
0.018700913497958594      -0.016588217549645984    9.299600000000003        1616.2866743418376
0.019708667266150514      -0.012939467199428201    9.299600000000003        1616.5127669421818
0.019062736949052646      -0.0147001742152712      9.299600000000003        1616.4143545852203
0.017446190598093835      -0.007428590239975066    9.299600000000003        1617.0266323872527
0.0188421254283189        -0.008300854915903223    9.299600000000003        1616.8928988561074
0.019485207885122206      -0.009732422057575086    9.299600000000003        1616.7575050699206
0.020644252546584526      -0.00808493321640695     9.299600000000003        1616.8074300852336
0.02046170236548027       -0.011338281356420387    9.299600000000003        1616.5886390618796
0.01757923796908103       -0.005430549232215177    9.299600000000003        1617.1560458357555
0.01922715088093302       -0.006525769618585105    9.299600000000003        1616.9937295577104
0.019385390032219625      -0.004472299652821982    9.299600000000003        1617.1215137828547
0.022437122963359823      -0.007229695028745693    9.299600000000003        1616.758329498762
0.020904462402156963      -0.005956610163274183    9.299600000000003        1616.9359173907212
0.025994796097648477      -0.0059536634021467175   9.299600000000003        1616.6076846686485
0.02455904832514125       -0.004600984504043828    9.299600000000003        1616.792397716401
0.024204578075494913      -0.006573992362238248    9.299600000000003        1616.688960185789
0.02275088201989151       -0.005467205891969624    9.299600000000003        1616.855065224567
0.02292078316088482       -0.0038733598404562986   9.299600000000003        1616.9464492445563
0.021046565514231553      -0.009863642372052122    9.299600000000003        1616.6605088297401
0.022437241874130157      -0.010997857776990288    9.299600000000003        1616.4981870344625
0.022296993152988342      -0.00909409136478253     9.299600000000003        1616.6400546292282
0.023854060375689688      -0.00837948779754381     9.299600000000003        1616.5915431626881
0.023636557347667318      -0.009773839662321336    9.299600000000003        1616.5099909118194
0.025043531695019         -0.009551506282897372    9.299600000000003        1616.434183937425
0.02426654277042029       -0.011060227473794535    9.299600000000003        1616.380113254763
0.025517802019200276      -0.007816545704197495    9.299600000000003        1616.519173904455
0.026819388959179097      -0.008971714566877693    9.299600000000003        1616.352312474142
0.027301533505680896      -0.00710212163832362     9.299600000000003        1616.4410898650322
0.028819512534204065      -0.008533531263220016    9.299600000000003        1616.2368161006236
-0.01306419538573915      -0.007117801964077035    9.299600000000003        1617.5715642041957
-0.011329523098151816     -0.007134038688902567    9.299600000000003        1617.597012872238
-0.009387014599847643     -0.0067966174042742135   9.299600000000003        1617.644048137492
-0.008871995527572802     -0.004949866060843078    9.299600000000003        1617.784610981071
-0.014032692482814881     -0.008359970028135752    9.299600000000003        1617.4593983023701
-0.012313558270445238     -0.008961420958787054    9.299600000000003        1617.4435462659462
-0.008766680338768509     -0.008446179845057454    9.299600000000003        1617.5246339218957
-0.010330127813286        -0.008524653842122617    9.299600000000003        1617.5038343994208
-0.012532995916151894     -0.010806134495511974    9.299600000000003        1617.2961272547561
-0.010705177795553427     -0.010370907669035777    9.299600000000003        1617.3564386482105
-0.011327824512665568     -0.01183233953474121     9.299600000000003        1617.2327074615523
-0.009446472984593357     -0.011963435248941542    9.299600000000003        1617.2440769303848
-0.009150119819772254     -0.009943710478086556    9.299600000000003        1617.4060613999327
-0.007622330557086022     -0.009184827885450499    9.299600000000003        1617.4754028083782
-0.0033174043398898003    -0.008201011621052927    9.299600000000003        1617.551617415548
-0.006272833850139844     -0.008200754831352543    9.299600000000003        1617.555458804936
-0.004802895499390476     -0.007218231242890965    9.299600000000003        1617.6298784868916
-0.00507443321295095      -0.008929938423928316    9.299600000000003        1617.500835081393
-0.0063218449706016165    -0.009919842640997253    9.299600000000003        1617.4235282593381
-0.007714291275382547     -0.010871353395862048    9.299600000000003        1617.3437137291146
0.00910374108619831       -0.01360285599773086     9.299600000000003        1616.9125615465166
0.009607615303036016      -0.015110691183350398    9.299600000000003        1616.7776526886062
0.00785940378679424       -0.014547725436442399    9.299600000000003        1616.8747425023305
0.007677346758012622      -0.011004648910397048    9.299600000000003        1617.1554997458395
0.005941983224902507      -0.01197743504408905     9.299600000000003        1617.1269572066851
0.007848127254606424      -0.012719971600518312    9.299600000000003        1617.0187952117685
0.00608562999664467       -0.013985978760440375    9.299600000000003        1616.9659241548504
-0.004030498147178956     -0.009514388928837136    9.299600000000003        1617.454266938976
-0.002829803088335428     -0.010190595302133863    9.299600000000003        1617.397161728865
-0.0011412321127861151    -0.010197171353693116    9.299600000000003        1617.3842926573982
-0.0038234594310837685    -0.014424549943371433    9.299600000000003        1617.064407043824
-0.0019954834468225075    -0.015173352425813023    9.299600000000003        1616.9946667109964
-0.0027710459846543418    -0.013262405439231047    9.299600000000003        1617.1545641403134
-2.7775633724734316E-4    -0.01168265911513843     9.299600000000003        1617.2601233500238
-9.933779885296834E-4     -0.013358354208358686    9.299600000000003        1617.1343172165798
9.069496070503365E-4      -0.013389230655202552    9.299600000000003        1617.1107681701576
0.0014644938207548186     -0.011496519484531157    9.299600000000003        1617.2523389143996
0.0031809476858024833     -0.011679440457852876    9.299600000000003        1617.2095302498433
0.002547873534738828      -0.013154032906035217    9.299600000000003        1617.1048847170705
0.0044510867222790585     -0.012786291815440106    9.299600000000003        1617.0978600376638
0.014306667665967875      -0.013803676134578703    9.299600000000003        1616.7066290169546
0.013323228926304697      -0.011996223745224138    9.299600000000003        1616.885001539695
0.012311257608269096      -0.013706350129211314    9.299600000000003        1616.793981057466
0.005117566996858347      -0.015563479678089513    9.299600000000003        1616.8615629988246
0.004125268242661556      -0.014358721476433389    9.299600000000003        1616.979672278664
0.003711639639629773      -0.01611926570953882     9.299600000000003        1616.844726858806
0.0021616546593380805     -0.01510998413057255     9.299600000000003        1616.953896717341
1.0174335461072096E-4     -0.014788562382731971    9.299600000000003        1617.0076354378755
8.421529242629216E-4      -0.01633243753795227     9.299600000000003        1616.8719599081473
0.013113399659411691      -0.015532441683801907    9.299600000000003        1616.620094864067
0.0135270638734453        -0.017554848671811098    9.299600000000003        1616.4417276773788
0.011145222410398108      -0.015327557368487598    9.299600000000003        1616.7091642464175
0.011926970478712072      -0.016774079220249975    9.299600000000003        1616.5654030795827
0.011703534354375366      -0.01836232955625382     9.299600000000003        1616.4436264220146
0.0052258202039671235     -0.01712922738303425     9.299600000000003        1616.7306887994737
0.006654506699151368      -0.01589622862075598     9.299600000000003        1616.7983535552396
0.006647189912551637      -0.01773017487551215     9.299600000000003        1616.6477409626443
0.008201077992155205      -0.016490042563161268    9.299600000000003        1616.7086679273154
0.01186958436281295       -0.022050041086486092    9.299600000000003        1616.1260522340506
0.01358552377385362       -0.020982321719976934    9.299600000000003        1616.1548419160777
0.011700180752830289      -0.02025201818492791     9.299600000000003        1616.2857790334308
0.010159993286610013      -0.021247564105986903    9.299600000000003        1616.2516574431581
0.010076705970974174      -0.01929170631297589     9.299600000000003        1616.420608984926
0.008502854131930734      -0.01847165784289086     9.299600000000003        1616.5365826062625
0.010119589351581196      -0.01713004821995441     9.299600000000003        1616.5983233837712
0.012975278879209901      -0.019273298933064065    9.299600000000003        1616.3217196689072
0.014451850983597128      -0.019249507034640845    9.299600000000003        1616.2657673677368
0.013580824863385434      -0.0229250798117706      9.299600000000003        1615.9880273787173
0.011927281338214796      -0.023879415873313478    9.299600000000003        1615.9639609217074
0.01366244353705459       -0.02469206975782685     9.299600000000003        1615.829465354913
0.0103103236269589        -0.023089919873998416    9.299600000000003        1616.0865523268642
0.010336192927188043      -0.024722596860720022    9.299600000000003        1615.9405301030386
0.02075976235246306       -0.014470001500928583    9.299600000000003        1616.3408029162754
0.019180312766067357      -0.018459587181686776    9.299600000000003        1616.1137246753626
0.017858712685832667      -0.019825147064330615    9.299600000000003        1616.0676292724756
0.01974823198849191       -0.020131243333610525    9.299600000000003        1615.948927356272
0.01661031285805031       -0.02638895773926108     9.299600000000003        1615.5585778745426
0.015319570935747004      -0.025494093877883595    9.299600000000003        1615.6929893334081
0.015473098015715451      -0.027289190004790496    9.299600000000003        1615.524513210293
-0.0167303180358598       -1.3648636602783527E-4   9.299600000000003        1617.9937326499419
-0.018179763524051505     -0.0012785897398245331   9.299600000000003        1617.8754817549498
-0.017946355431004812     -0.002858939514611591    9.299600000000003        1617.7713847535697
-0.019582594916664073     -0.0026577013251516094   9.299600000000003        1617.7359085361718
-0.018512922835905957     -0.0038963656055923503   9.299600000000003        1617.6807259930347
-0.01991308472561904      -0.004578980191524254    9.299600000000003        1617.5874339510049
-0.0164172902153224       -0.0021939281944999335   9.299600000000003        1617.8592374944
-0.015271401587756897     -0.0039052197717074594   9.299600000000003        1617.7645098768487
-0.01416476119550572      -0.005527602598233605    9.299600000000003        1617.6695667700976
-0.014921917161694888     -0.007079414984474189    9.299600000000003        1617.5383217574501
-0.015611022548499482     -0.008852455889796123    9.299600000000003        1617.3878479027992
-0.01698067654518777      -0.004023232213482668    9.299600000000003        1617.714493389891
-0.016949712924019953     -0.007188995108504552    9.299600000000003        1617.4816920206324
-0.018185465034779014     -0.005539996527792434    9.299600000000003        1617.5705887660424
-0.01619186475496905      -0.005545058812529448    9.299600000000003        1617.6234516445704
-0.022595600344051985     -0.007966286647861228    9.299600000000003        1617.2391390434618
-0.021677730322484687     -0.009156638687573621    9.299600000000003        1617.18256064933
-0.02086216417242142      -0.007370399868082769    9.299600000000003        1617.3483545727906
-0.023451220639991444     -0.009162988325738131    9.299600000000003        1617.113325563654
-0.02266816428076464      -0.010740053100525823    9.299600000000003        1617.0213517860684
-0.024107583534404217     -0.007463084208043925    9.299600000000003        1617.2158566433025
-0.014031853822514682     -0.009895878120120627    9.299600000000003        1617.3406602676553
-0.0143038193539425       -0.011611580335279285    9.299600000000003        1617.199751506437
-0.015905653211902987     -0.010358993092356926    9.299600000000003        1617.2636434226154
-0.017613947842161942     -0.009254124647305056    9.299600000000003        1617.3059214240916
-0.016206551976396973     -0.01230098808369514     9.299600000000003        1617.1017736161523
-0.017365366973943256     -0.011064412035174779    9.299600000000003        1617.1707411112652
-0.018596589790446635     -0.014533782602820308    9.299600000000003        1616.8542129234208
-0.016624209417023507     -0.014013427798059664    9.299600000000003        1616.9518099120562
-0.018245093739177883     -0.012637506313700725    9.299600000000003        1617.0199347461437
-0.018922796844171214     -0.010776857968877264    9.299600000000003        1617.1485997280558
-0.020798684307548464     -0.010611722320757279    9.299600000000003        1617.1003548854305
0.013646660486657447      0.0068259919167211434    9.299600000000003        1618.1107398803886
0.011613792278789102      0.006669602328051135     9.299600000000003        1618.1944703361867
0.012271204034611209      0.008475178424318861     9.299600000000003        1618.2672913210843
0.0100064517313906        0.012954780061586412     9.299600000000003        1618.6054852445893
0.013074890627911619      0.013015066319679858     9.299600000000003        1618.4696749323887
0.011291527478061777      0.012088334304520837     9.299600000000003        1618.5055016306821
0.011323238393738586      0.013928501644720561     9.299600000000003        1618.5981669002722
0.01298377399424215       0.011334493644168882     9.299600000000003        1618.3878499980365
0.013100245433240362      0.009807840998443484     9.299600000000003        1618.3013618840996
0.014610444148062117      0.0103680576760643       9.299600000000003        1618.2557770364467
1.8948677337196024E-4     0.020331943252869654     9.299600000000003        1619.2540410265449
0.002721418503752107      0.023113000998750077     9.299600000000003        1619.3224601066167
0.0011465425718616006     0.022170709882778323     9.299600000000003        1619.3173903215788
0.0018737757011174116     0.020505650019288765     9.299600000000003        1619.2297086898864
0.0030727706362873586     0.02157802881676273      9.299600000000003        1619.2491418668158
0.004339802042666817      0.0230037120677105       9.299600000000003        1619.2752406436039
0.003446449709958644      0.01957749614852944      9.299600000000003        1619.1506537088192
0.00534671695067589       0.024508002706290385     9.299600000000003        1619.3046512121211
0.003349595746436814      0.024751480952684292     9.299600000000003        1619.3719330108372
0.001827429829040992      0.02551656443260079      9.299600000000003        1619.4374318099533
0.00491399937555395       0.021216000785249108     9.299600000000003        1619.1828983742644
0.005597447556791196      0.01954239760667352      9.299600000000003        1619.0875411035015
0.0073256226773104486     0.019247280294534482     9.299600000000003        1619.0155775568055
0.007049708040205419      0.020977945165267013     9.299600000000003        1619.1021943513965
0.00948120202102212       0.014382465477276906     9.299600000000003        1618.6997670375965
0.009120313774669294      0.015998551405488007     9.299600000000003        1618.7942583615686
0.008588952734973107      0.01795217931954415      9.299600000000003        1618.9083608852648
0.008727858404621258      0.019945617103668694     9.299600000000003        1618.9931897906442
0.008761195853341341      0.021488757994798015     9.299600000000003        1619.0583033829485
0.010284231995663248      0.020990713628422454     9.299600000000003        1618.972013791967
0.010627356216551866      0.017333211023050518     9.299600000000003        1618.7941153415459
0.011049943631407603      0.015421823171557202     9.299600000000003        1618.6842091520691
0.011991589155825648      0.02030266728763577      9.299600000000003        1618.8624164408373
0.011698719039330348      0.022154327622148588     9.299600000000003        1618.9533087572927
0.010406672047821352      0.019116153557642616     9.299600000000003        1618.885205763753
0.013049859422617618      0.01501721024611026      9.299600000000003        1618.5697237249492
0.01240015808742776       0.018371670395319045     9.299600000000003        1618.7580530492467
0.012168994502114639      0.016598912271337238     9.299600000000003        1618.6882370624887
0.0136966206471557        0.019791498171497487     9.299600000000003        1618.7528339651105
0.0038123534435506715     0.02801171972502029      9.299600000000003        1619.4762431110519
0.00462461591767871       0.026257988893200628     9.299600000000003        1619.3922741069591
0.0064825241509555084     0.02586976075396906      9.299600000000003        1619.3173749215114
0.006144860612209158      0.022750904755112957     9.299600000000003        1619.2084532919937
0.007212284498070096      0.02424037534903506      9.299600000000003        1619.2298702218366
0.007907344975981546      0.02271208011903894      9.299600000000003        1619.1428910077573
0.008534672483306631      0.02412584824096286      9.299600000000003        1619.173750248911
0.007592868330320105      0.027281377215051042     9.299600000000003        1619.3252739021484
0.008223817369429155      0.025505456556516124     9.299600000000003        1619.237993877342
0.009832378144752364      0.022978493492545077     9.299600000000003        1619.0735707558927
0.009789585188497438      0.024841706729945026     9.299600000000003        1619.1468414181197
0.013144353310462398      0.023194573395085585     9.299600000000003        1618.919483537357
0.013417735277710402      0.021433868901778768     9.299600000000003        1618.8357559026406
0.014666403717290792      0.02096231714488075      9.299600000000003        1618.7476255663285
0.015599578448160413      0.019526779217809397     9.299600000000003        1618.6346641421821
0.00940090507358255       0.026633345184436687     9.299600000000003        1619.22788817672
0.008872286923959805      0.028384617167033454     9.299600000000003        1619.3083855988104
0.011459490441888518      0.024068719174889446     9.299600000000003        1619.039401188946
0.011139494225277807      0.025970872260239752     9.299600000000003        1619.123801973992
0.012882647168231178      0.025083786633073896     9.299600000000003        1619.0029052958698
0.01012819704242437       0.029693596136025666     9.299600000000003        1619.2904963416606
0.010948724943275711      0.027986351652344334     9.299600000000003        1619.1997260280589
0.012643579174406306      0.02693017172654858      9.299600000000003        1619.0784164370825
0.012663382200394063      0.02849945811157718      9.299600000000003        1619.1261252785773
0.014040651984215094      0.028065011886313114     9.299600000000003        1619.0351301215633
0.0029384323196214803     0.038995590698500414     9.299600000000003        1619.7286814038782
0.004137610840515906      0.03914092562576306      9.299600000000003        1619.6965747893846
0.003197164114808852      0.04056593575480724      9.299600000000003        1619.7278586640646
0.03044455358404569       -0.0075703587055999      9.299600000000003        1616.1751730022208
0.02902257086477454       -0.0064588260721629535   9.299600000000003        1616.3550175351468
0.030563640864445907      -0.006137219797475594    9.299600000000003        1616.2558381431943
0.025397569602265614      -0.003102261843253863    9.299600000000003        1616.8280695404646
0.026357119430951828      -0.0041840335504005005   9.299600000000003        1616.6935585531612
0.02390681217929506       -0.0027991360198511717   9.299600000000003        1616.9487993200676
0.029687168355801184      -0.0045706746993173465   9.299600000000003        1616.4207626763473
0.027753693537587897      -0.00521401239894963     9.299600000000003        1616.5280606656545
0.02664889972245144       -0.0025410653520499026   9.299600000000003        1616.7726950576414
0.0279831032607852        -0.0033840948007416802   9.299600000000003        1616.6231647735092
0.02524158150188334       -0.0016235137147391759   9.299600000000003        1616.9284912360001
0.023539640141522378      -9.726179342227197E-4    9.299600000000003        1617.084438645849
0.025078338791022003      1.4257120767623436E-4    9.299600000000003        1617.0439713430903
0.0174066904772177        0.0075406276591285385    9.299600000000003        1617.9521352387312
0.01802228275101005       0.00941489677616549      9.299600000000003        1618.015518740209
0.01688039921084361       0.014394540002346598     9.299600000000003        1618.3304075564567
0.02008052259230038       0.00938213377654679      9.299600000000003        1617.8858730206414
0.018746971463161462      0.011042058765166821     9.299600000000003        1618.0541119682696
0.017758759456663126      0.012610201219858352     9.299600000000003        1618.1921319997712
0.01606619687675607       0.021326595821573112     9.299600000000003        1618.6796364702743
0.01747327206036672       0.02013397282559521      9.299600000000003        1618.544496358859
0.01764957519137861       0.022059008461600294     9.299600000000003        1618.6075114221378
0.019105390006072816      0.02076236219771404      9.299600000000003        1618.4607653524024
0.019652074674407695      0.012734269284824276     9.299600000000003        1618.0787161244964
0.019715214870462884      0.016304159337784313     9.299600000000003        1618.236953539419
0.02015636124343876       0.017646888231645723     9.299600000000003        1618.2637733423069
0.01863040050409854       0.017093772982239495     9.299600000000003        1618.3432216909932
0.02117738740920739       0.01627619498541152      9.299600000000003        1618.1342538532938
0.01860423398412931       0.013955945968064978     9.299600000000003        1618.2038458056443
0.018487807878595587      0.0154240639619411       9.299600000000003        1618.278736059624
0.020241521470801323      0.014648804197701934     9.299600000000003        1618.1280467384217
0.013733517114976954      0.016887978064209126     9.299600000000003        1618.622746827659
0.015129753405067524      0.015653271615221415     9.299600000000003        1618.4901483960068
0.014191650412612743      0.0183938649019177       9.299600000000003        1618.665788090539
0.018980585065492283      0.007983311273812362     9.299600000000003        1617.8824814266966
0.02048033649977479       0.00742294473235723      9.299600000000003        1617.758541264284
0.016959149955691033      0.0030346921598119036    9.299600000000003        1617.7223766843083
0.017866902125826943      0.0013822361716513095    9.299600000000003        1617.574159755716
0.016279382900685674      0.0016689368399488065    9.299600000000003        1617.67696044576
0.0189287467593282        0.006149616180206837     9.299600000000003        1617.7868259079607
0.02098948484026629       0.005626204990333997     9.299600000000003        1617.6294428288081
0.017874110785237273      0.004426504423399195     9.299600000000003        1617.752207049458
0.0198851607273202        8.653338690440609E-4     9.299600000000003        1617.426578807341
0.018787337878083434      0.0026212887496498026    9.299600000000003        1617.595265850233
0.024887310526312434      0.002150835502363458     9.299600000000003        1617.1719391824552
0.02337870995967784       8.093412426967058E-4     9.299600000000003        1617.2004483706605
0.02171774756071114       -1.8020628107838705E-4   9.299600000000003        1617.250892658387
0.02310984935242503       0.0023974856399889438    9.299600000000003        1617.309757915695
0.021712495212570723      0.0016950516057664129    9.299600000000003        1617.36187837666
0.01986164090284819       0.004300039368480523     9.299600000000003        1617.627279410628
0.020417307107858194      0.0026414591043682845    9.299600000000003        1617.4984711592172
0.022053233630535667      -0.00227594719399012     9.299600000000003        1617.1018352119006
0.020289959895421598      -0.0011551121541949708   9.299600000000003        1617.2796848147293
0.02137708446032086       -0.00416601986259516     9.299600000000003        1617.0244849989774
0.018807169218338207      -0.0024889930821558907   9.299600000000003        1617.282052745946
0.02037855560862928       -0.002898586919817023    9.299600000000003        1617.1654064733154
0.02184693943610749       0.003681793800963872     9.299600000000003        1617.4663344175333
0.023769455420533502      0.0037159980270327158    9.299600000000003        1617.3377898934732
0.021642735327376292      0.008483554588515444     9.299600000000003        1617.736676650989
0.02232521629310746       0.007039545846991243     9.299600000000003        1617.6156804338896
0.022958165619476913      0.005318773471803344     9.299600000000003        1617.481131820756
0.009404935016056036      0.033300162146112415     9.299600000000003        1619.4139753056004
0.009560208835274435      0.031537151303795495     9.299600000000003        1619.3663427440335
0.010766250577318084      0.03297840489180881      9.299600000000003        1619.3411625502338
0.008262330192658287      0.0325068152468792       9.299600000000003        1619.4472282140368
0.006843233970218973      0.03255435625131263      9.299600000000003        1619.5054379307194
0.006189980058383089      0.03412802446886978      9.299600000000003        1619.563481537519
0.0077815196419522715     0.03407944046940061      9.299600000000003        1619.5009306002996
0.007082591177237396      0.03592054485953497      9.299600000000003        1619.560907726952
0.010731062115239645      0.037889290015149506     9.299600000000003        1619.417587885587
0.012052998732562313      0.03768984277213504      9.299600000000003        1619.3441377850181
0.011621840177398826      0.03937234622605747      9.299600000000003        1619.3790590681501
0.011082837263306312      0.03619173394937838      9.299600000000003        1619.3805665688471
0.008498786208034534      0.036900120234223364     9.299600000000003        1619.5148920976792
0.008884417550150694      0.03516776327880162      9.299600000000003        1619.4728847939932
0.010330761702590821      0.03483117051266771      9.299600000000003        1619.3985485938217
0.00815453587123033       0.038231702949507645     9.299600000000003        1619.543462556503
0.009365640074778376      0.038232609562322974     9.299600000000003        1619.4884355310758
0.007376944667387563      0.037475606161618866     9.299600000000003        1619.5690028294466
0.006875933601997349      0.03895821463075336      9.299600000000003        1619.6014316459791
0.006104833157716508      0.03735119360316105      9.299600000000003        1619.6165377216519
0.0055203794804788596     0.03899052998847639      9.299600000000003        1619.6514306782171
0.0048116108689655775     0.03746118787428085      9.299600000000003        1619.6617774490353
0.00862842338626678       0.03976996573674785      9.299600000000003        1619.5314653238806
0.007454917539698701      0.04058653007920594      9.299600000000003        1619.5840693066339
0.010293580495995526      0.039661038864305054     9.299600000000003        1619.450895029302
0.011469851611617133      0.04100167732922411      9.299600000000003        1619.389918365596
0.009873636082051293      0.04118591435025339      9.299600000000003        1619.4737419038581
0.006205961070743859      0.04057578373295012      9.299600000000003        1619.6328870631805
0.001569318309796932      0.039533108634574245     9.299600000000003        1619.7631236807722
0.0019176679442525933     0.04120721065497523      9.299600000000003        1619.758584962473
0.0028953278452148058     0.04234931973426697      9.299600000000003        1619.7323067044551
0.004236820583176183      0.0421428883959683       9.299600000000003        1619.696374992445
0.0038460237810260802     0.04401671988096426      9.299600000000003        1619.6938053402498
0.0022355423514290747     0.04368116193454151      9.299600000000003        1619.7382292502066
0.0024478022759210996     0.045300207561502964     9.299600000000003        1619.712836912063
6.969526219424911E-4      0.04103594000358768      9.299600000000003        1619.7826147522212
2.3313373268314802E-4     0.03937984777371278      9.299600000000003        1619.7869405959652
-8.342201285710721E-4     0.03627448934016558      9.299600000000003        1619.7730163396352
1.7495574192199104E-4     0.034602731375194755     9.299600000000003        1619.730866399945
-0.0015469245078828819    0.03482761654073249      9.299600000000003        1619.7584967305395
-0.0031188672953219605    0.034522018836927404     9.299600000000003        1619.7661122635307
-0.006277607196143538     0.03432302838180225      9.299600000000003        1619.7651947894444
-0.004488116555201798     0.03431064089007668      9.299600000000003        1619.7672877288887
-2.786029707486403E-4     0.03777452556735154      9.299600000000003        1619.783150231985
-0.0027762569662971234    0.03650548347267775      9.299600000000003        1619.7950156846232
-0.009037220353937338     0.03850688703841566      9.299600000000003        1619.7873170971216
-0.010287851947377389     0.03973538537981475      9.299600000000003        1619.7688001163954
-0.007997873646902402     0.03732159961624951      9.299600000000003        1619.7926606304231
-0.0042272440736178946    0.03602544696481601      9.299600000000003        1619.7946680689568
-0.005741332007427008     0.03582288203560603      9.299600000000003        1619.7910401652323
-0.0067425443472628925    0.03724950439962544      9.299600000000003        1619.8029790716835
-0.005365680140227022     0.03736880089445137      9.299600000000003        1619.8102734975712
-0.007578264920221833     0.03835612783020159      9.299600000000003        1619.8044613314316
-0.006445507416333728     0.03883263328149539      9.299600000000003        1619.816096490996
-0.0040817594618096425    0.037623875879468166     9.299600000000003        1619.8129178720317
-0.005064578801250831     0.039106394270017206     9.299600000000003        1619.8230042600342
-0.0016428427064415706    0.03781483696912962      9.299600000000003        1619.8002662823858
-0.002893113244712244     0.03806742693231744      9.299600000000003        1619.8122911626551
-0.0011831048137937881    0.039341049107376985     9.299600000000003        1619.806059819405
-0.0023405876957167007    0.0390333256016737       9.299600000000003        1619.8152373095986
1.1543219523007927E-4     0.04256384651810524      9.299600000000003        1619.786927960815
-6.425891050778632E-4     0.04096150499274871      9.299600000000003        1619.8028382640907
0.00951112130730365       0.04771060231565751      9.299600000000003        1619.4122409758331
0.009028824937096966      0.04938541168734399      9.299600000000003        1619.3932341436782
0.00788553223876878       0.04794745077421017      9.299600000000003        1619.4811215264479
0.007498093167100556      0.049740293258666336     9.299600000000003        1619.4501105326678
-0.0134926444241588       0.03185550809092715      9.299600000000003        1619.6104457037638
-0.010801709174665833     0.03314033410007534      9.299600000000003        1619.6937549397392
-0.010898035856969314     0.031416223567149085     9.299600000000003        1619.6553781488738
-0.011579947844821763     0.039287549531515004     9.299600000000003        1619.7411450386624
-0.01125164433987071      0.04105490133443746      9.299600000000003        1619.7449342571101
-0.012946566132817425     0.03589604645084025      9.299600000000003        1619.6885219696258
-0.013986184994302901     0.03515164012931013      9.299600000000003        1619.6521214148418
-0.012664547855323074     0.03695529081856188      9.299600000000003        1619.705197643905
-0.013052968999275511     0.03856314080724456      9.299600000000003        1619.7027233356907
-0.012698541386203431     0.04041364060814776      9.299600000000003        1619.7111167625778
-0.014025737195647226     0.04008166524393745      9.299600000000003        1619.673203704192
-0.015140862955549587     0.04104737706315613      9.299600000000003        1619.6307670007486
-0.015494475557556956     0.03961886569547467      9.299600000000003        1619.6252882977712
-0.01413335274734572      0.036934797434121265     9.299600000000003        1619.6645046325798
-0.01449759371367715      0.038651379604614663     9.299600000000003        1619.659860619197
-0.015562802846968139     0.03799090131960771      9.299600000000003        1619.6230556709115
-0.015296375178752108     0.03629211749553678      9.299600000000003        1619.6232853553668
-0.017526071531201663     0.03491194832889378      9.299600000000003        1619.5305761325592
-0.016594193391694618     0.035659815743730235     9.299600000000003        1619.5728822962963
-0.01810876188735552      0.036414331058311766     9.299600000000003        1619.519324345145
-0.019559656845102462     0.036308896815012696     9.299600000000003        1619.4555333423086
-0.019301221827883144     0.03783250266018085      9.299600000000003        1619.4715546580976
-0.018016678642963035     0.03833271858064219      9.299600000000003        1619.5284511405046
-0.01669323786038239      0.04102957982853016      9.299600000000003        1619.572107100523
-0.016677939983783863     0.03917047323214607      9.299600000000003        1619.582112176509
-0.017811214549122226     0.03990662011571174      9.299600000000003        1619.5330326486744
-0.012201196938353118     0.032420756475580036     9.299600000000003        1619.6521953264453
-0.015048311358898059     0.03302032669091538      9.299600000000003        1619.5897746318026
-0.01369861663304225      0.033656116501135945     9.299600000000003        1619.6388272567974
-0.015130888558214038     0.034590961201577515     9.299600000000003        1619.610901275327
-0.016790385051105937     0.0373713780756633       9.299600000000003        1619.576306168088
-0.02676290401555063      0.011735165956835266     9.299600000000003        1618.3304688493545
-0.026747793631146072     0.013308150579339656     9.299600000000003        1618.4117267549525
-0.026939331601164587     0.008111187231277558     9.299600000000003        1618.1228621915554
-0.02671291420057949      0.009764818116435934     9.299600000000003        1618.2272654717256
-0.028192342421893023     0.0094030670365795       9.299600000000003        1618.1290741216208
-0.02808596126627442      0.01116427907837695      9.299600000000003        1618.2298545910414
-0.029549721101765323     0.01065468602663626      9.299600000000003        1618.1199931422195
-0.027941681791359328     0.007030337894740185     9.299600000000003        1618.007967415799
-0.028678096836014216     0.00817399726784917      9.299600000000003        1618.0336368928417
-0.029078344948668518     0.006672587315599127     9.299600000000003        1617.9248455109503
-0.030697941731879366     0.006415860977871672     9.299600000000003        1617.815922871658
-0.029303435732309414     0.005294488965206494     9.299600000000003        1617.8303691567453
-0.029934430968246443     0.009268692780031436     9.299600000000003        1618.022785837964
-0.03139364924247406      0.010338026162062674     9.299600000000003        1617.9915083256858
-0.03217399456052842      0.007283772244545062     9.299600000000003        1617.7747261058175
-0.031840208613015675     0.008818818130857954     9.299600000000003        1617.8816185721573
-0.033699515198975794     0.008243530901043043     9.299600000000003        1617.7281559457151
-0.03313071491228159      0.009818776678593944     9.299600000000003        1617.8514256397596
-0.030439597728643873     0.007781935331125982     9.299600000000003        1617.9099872790403
-0.02589750527239463      0.01758079819042572      9.299600000000003        1618.6562580037664
-0.02597157828690198      0.02054429072635532      9.299600000000003        1618.7739915910333
-0.027372758551237674     0.020309847984632874     9.299600000000003        1618.6877066706313
-0.02714246855028269      0.021769292028948586     9.299600000000003        1618.754531411105
-0.02850264899842211      0.02085450286696936      9.299600000000003        1618.6418670503244
-0.02675430905693422      0.019142063058822847     9.299600000000003        1618.676315345815
-0.02764552249563608      0.017850789511885692     9.299600000000003        1618.5732211684917
-0.028238079114266255     0.019406968516017527     9.299600000000003        1618.6027074582262
-0.029910025432220544     0.019776253315487193     9.299600000000003        1618.515015932486
-0.029293239328085325     0.01825941283656131      9.299600000000003        1618.4935995039166
-0.031024177524972277     0.018685512456047024     9.299600000000003        1618.4013149444236
-0.02680867144188682      0.016173326322585432     9.299600000000003        1618.5454887357066
-0.029513001008120588     0.01233474724196446      9.299600000000003        1618.209032901446
-0.028031720333032528     0.012906373408895225     9.299600000000003        1618.3224404696464
-0.027684426945398636     0.01461489409837538      9.299600000000003        1618.4252314398937
-0.02891269482840988      0.016328889295117954     9.299600000000003        1618.4340553271088
-0.02959629891585616      0.014280319795332095     9.299600000000003        1618.2993690282394
-0.03085564332342648      0.013060848159687555     9.299600000000003        1618.1636167459026
-0.02576221182644978      0.01458748533217632      9.299600000000003        1618.525285925063
-0.0250279474954027       0.023582877063557564     9.299600000000003        1618.9326106223086
-0.02571197961562495      0.025276288695633746     9.299600000000003        1618.9483479017847
-0.026506407557588943     0.024141551188024916     9.299600000000003        1618.8696657238054
-0.027594106799597964     0.025430272703803086     9.299600000000003        1618.8436868217743
-0.02787795372958454      0.023452191716471275     9.299600000000003        1618.767961533147
-0.025445827837156734     0.021842917483961798     9.299600000000003        1618.8503477314027
-0.02639510291933859      0.023001104062094716     9.299600000000003        1618.8391738201992
-0.028906686080317358     0.02231829173053243      9.299600000000003        1618.668324253972
-0.029599222146886366     0.023612589547403653     9.299600000000003        1618.665676644949
-0.0301039756162623       0.02118303158161106      9.299600000000003        1618.5537977080248
-0.030518943995779556     0.022644588100153667     9.299600000000003        1618.5754091384863
-0.031183742465352084     0.0239889053002227       9.299600000000003        1618.5709306395984
-0.03193618471497307      0.02300314411354964      9.299600000000003        1618.489659730072
-0.030865560251572853     0.01580887340199379      9.299600000000003        1618.2911857492752
-0.031498236303301536     0.014390119238248166     9.299600000000003        1618.1861385557734
-0.0328469162495122       0.015590889936199583     9.299600000000003        1618.1505378117336
-0.03233159127626694      0.01721308842707714      9.299600000000003        1618.2547688017705
-0.033812040314975        0.01648120185407409      9.299600000000003        1618.1211454880054
-0.03405133461051679      0.017899970614169373     9.299600000000003        1618.1613234936538
-0.03698729474433118      0.018948407232041185     9.299600000000003        1617.9756515679014
-0.035770341744371714     0.018349836559086074     9.299600000000003        1618.0496954744197
-0.03620005361422024      0.019767529171667242     9.299600000000003        1618.0670085026147
-0.03556061719024947      0.016751631479291457     9.299600000000003        1618.0035369335365
-0.037190060424527584     0.01772675422319045      9.299600000000003        1617.9145362448633
-0.038222958435057026     0.018797245183496673     9.299600000000003        1617.8692593066542
-0.03878676178719152      0.017575800332867812     9.299600000000003        1617.7778930561292
-0.03750415923840806      0.016212666955823244     9.299600000000003        1617.8300548097307
-0.03632998768270267      0.015045410304108064     9.299600000000003        1617.873464575129
-0.03162621793004293      0.02036209391664228      9.299600000000003        1618.4240122042152
-0.031387355544493595     0.021842711470592534     9.299600000000003        1618.4910597428473
-0.03290286122158177      0.018975242461797423     9.299600000000003        1618.2848042714038
-0.03460850085244207      0.019330191061629455     9.299600000000003        1618.1740118113828
-0.03533859512213058      0.020910478663086787     9.299600000000003        1618.1726243072255
-0.033484973341850834     0.020409465830804496     9.299600000000003        1618.2950069802
-0.032725793586828075     0.02166100818119714      9.299600000000003        1618.3916796766655
-0.034441355478663095     0.022076731153129334     9.299600000000003        1618.278303703975
-0.036907175756608866     0.02124865585923387      9.299600000000003        1618.0587015791396
-0.03764163998193656      0.02020469662813784      9.299600000000003        1617.9652479073482
-0.0388948650155361       0.02004504483220107      9.299600000000003        1617.854905083426
-0.038573868057748845     0.021599155022742983     9.299600000000003        1617.9303277190427
-0.03745369907512326      0.022551166803778815     9.299600000000003        1618.0520754268102
-0.03890329636910248      0.023508960685453464     9.299600000000003        1617.9541998233558
-0.036043636712618274     0.022586255421736225     9.299600000000003        1618.1683125748207
-0.03524834068331208      0.023676459621834945     9.299600000000003        1618.2617054005786
-0.03706128672477689      0.02415662498791927      9.299600000000003        1618.1270322559851
-0.01716950393823726      0.026951081893516707     9.299600000000003        1619.3766647353468
-0.017891082840582183     0.028351862102519873     9.299600000000003        1619.3919781392117
-0.006792724711840445     0.04822990241104938      9.299600000000003        1619.7034388944155
-0.005168944443805424     0.04829747586952542      9.299600000000003        1619.7148231790109
-0.006074739687431364     0.049933520831359685     9.299600000000003        1619.6590556977092
-0.006060937826615416     0.04673519747005005      9.299600000000003        1619.7484742720255
-0.007754361773165971     0.03994958996442448      9.299600000000003        1619.8074961230834
-0.0048627531119422055    0.040754327980570354     9.299600000000003        1619.8260003964444
-0.005620893288998757     0.042194237496752496     9.299600000000003        1619.818044746
-0.006183660419394331     0.04051231023204381      9.299600000000003        1619.8209968751455
-0.009161503693221608     0.04021954426026213      9.299600000000003        1619.7883525628793
-0.005101791663308623     0.04568991362189628      9.299600000000003        1619.7762462452847
-0.0066776535187027366    0.04494533668692422      9.299600000000003        1619.7785176439718
-0.005145132002173625     0.04397182608295255      9.299600000000003        1619.803184873925
-0.006512885951984647     0.043192955986944996     9.299600000000003        1619.8037550902445
-0.007131857150347812     0.04174545102993425      9.299600000000003        1619.8095575973432
-0.00850254226958628      0.04162064494211312      9.299600000000003        1619.7936133181718
-0.010012922082389313     0.041333649770039844     9.299600000000003        1619.7697654990623
-0.009464774139952437     0.04271096968790234      9.299600000000003        1619.7694827529965
-0.010035698869415034     0.04759019579448177      9.299600000000003        1619.6674712203128
-0.009199253689182774     0.04623025474340636      9.299600000000003        1619.7177675927294
-0.008420403070821507     0.04781629705148861      9.299600000000003        1619.692420385434
-0.008052003306512215     0.043436470338137884     9.299600000000003        1619.7840768360836
-0.00968286809398976      0.04436568414122305      9.299600000000003        1619.7440090437738
-0.008193705053536178     0.04522063152929547      9.299600000000003        1619.7551136286086
-0.017122622745862338     0.042668659514695687     9.299600000000003        1619.536428135815
-0.015566101614837523     0.04265606633029299      9.299600000000003        1619.5990114666274
-0.016702855808655756     0.04420357546643442      9.299600000000003        1619.5294624420637
-0.011003715188194391     0.04289924879753371      9.299600000000003        1619.7355937369812
-0.012276670832242171     0.04193557970455229      9.299600000000003        1619.7132377595285
-0.012665097562244477     0.04364142688677565      9.299600000000003        1619.6823952668142
-0.013829998667963899     0.04195584404499719      9.299600000000003        1619.6673254658542
-0.015358675148186353     0.044591520361153526     9.299600000000003        1619.575886328008
-0.01419643652130414      0.04372508667943205      9.299600000000003        1619.6328316079196
-0.01637043366617766      0.04581079412494998      9.299600000000003        1619.5099320016118
-0.020700023992008133     0.03715838650530128      9.299600000000003        1619.4040370674275
-0.018969689727242008     0.034688661729240795     9.299600000000003        1619.4693641447577
-0.022068768512035628     0.03221696213873009      9.299600000000003        1619.2945119750873
-0.02121442486481524      0.03312879804556908      9.299600000000003        1619.3491241568697
-0.0228574136969823       0.033630144605037576     9.299600000000003        1619.2716796668612
-0.021674448963116856     0.034771665046445854     9.299600000000003        1619.343634254691
-0.020525319722105532     0.03552279681921418      9.299600000000003        1619.4057829662513
-0.02181658797617579      0.03657070110372292      9.299600000000003        1619.3459109317394
-0.02007770367541773      0.0339099995454394       9.299600000000003        1619.4119675799711
-0.02552004456661554      0.033992360134334126     9.299600000000003        1619.1231753982445
-0.026525735031316586     0.033266275666212146     9.299600000000003        1619.0550215483356
-0.025092713507220327     0.032431858044455864     9.299600000000003        1619.1333217774497
-0.024280045391141217     0.03334046840536684      9.299600000000003        1619.1903737838932
-0.0230144009788865       0.035550213902851624     9.299600000000003        1619.2778464452442
-0.02302696875269274      0.03712656051606355      9.299600000000003        1619.2810573154923
-0.024220508889595694     0.0348942777855385       9.299600000000003        1619.206292194276
-0.02345621863013573      0.03180659864004562      9.299600000000003        1619.216564685036
-0.022860537301901504     0.030159636345438008     9.299600000000003        1619.2191635605604
-0.024447288881255753     0.03088293083888512      9.299600000000003        1619.1478458031218
-0.022065229834109995     0.031151184501330483     9.299600000000003        1619.2773767573826
-0.02384502427795286      0.029288205393589534     9.299600000000003        1619.1503927555857
-0.023298679891228382     0.027773234859467002     9.299600000000003        1619.1436591705262
-0.024969673756583752     0.026773207187962774     9.299600000000003        1619.0304926198567
-0.024908873821086513     0.02847120957855686      9.299600000000003        1619.0751206489374
-0.02673241904038421      0.026779596813435617     9.299600000000003        1618.9307414201373
-0.026096813640825164     0.02793597812773349      9.299600000000003        1618.9956902079766
-0.026201346387653823     0.0289426072129286       9.299600000000003        1619.0112965137846
-0.027512444037586955     0.028359337539854597     9.299600000000003        1618.9197901630525
-0.028333836754462043     0.027189990905534846     9.299600000000003        1618.8424341922953
-0.02924716630783383      0.028738335894511698     9.299600000000003        1618.8152181380644
-0.029276810987637864     0.02619639052856524      9.299600000000003        1618.7578396834826
-0.029021447333329894     0.024744926616601354     9.299600000000003        1618.735878712258
-0.033667765609268624     0.023333886819885054     9.299600000000003        1618.3737277711462
-0.03278216180208258      0.02445185850994945      9.299600000000003        1618.469979346769
-0.03012502886138341      0.027720504177099068     9.299600000000003        1618.7356303805461
-0.030822688344310383     0.029427894907772766     9.299600000000003        1618.7180440015452
-0.03100240199672173      0.026701673941353653     9.299600000000003        1618.6527713203502
-0.030350584564881048     0.024975439652149257     9.299600000000003        1618.6550184335929
-0.031951416945077964     0.02551858216451678      9.299600000000003        1618.557512409292
-0.0358325971849122       0.025088734893785263     9.299600000000003        1618.2502981362932
-0.03444210435202597      0.025006591375151443     9.299600000000003        1618.3587113646652
-0.033605532869039        0.02602225631665084      9.299600000000003        1618.4468046882228
-0.03178757125931059      0.028281344560813833     9.299600000000003        1618.628619769411
-0.03266612935744885      0.027309323462889785     9.299600000000003        1618.5450526430352
-0.018320640222128672     0.04341536902674416      9.299600000000003        1619.471887593545
-0.022065120595227895     0.038401905134833124     9.299600000000003        1619.3322312488688
-0.01842858509340818      0.04153821543386271      9.299600000000003        1619.4926806027413
-0.019634146830354443     0.04297769349020504      9.299600000000003        1619.4157907840402
-0.019957844715611028     0.04142255466890605      9.299600000000003        1619.4206786744173
-0.02390352391803279      0.03866534064903222      9.299600000000003        1619.22663712369
-0.02122410910538966      0.04210709244931537      9.299600000000003        1619.3461797897455
-0.026571475676303375     0.040640993440906645     9.299600000000003        1619.041146151121
-0.025252902110134357     0.03995747038554388      9.299600000000003        1619.1342692474825
-0.025250633260014366     0.04163835105395966      9.299600000000003        1619.1149035519493
-0.021163413383940257     0.040175030969138        9.299600000000003        1619.3706692004105
-0.022504079903974367     0.04153858202001614      9.299600000000003        1619.2826805741654
-0.019356041540333244     0.03972169333206724      9.299600000000003        1619.464278930927
-0.020529858196349646     0.038637476535202456     9.299600000000003        1619.4116209954425
-0.019790417174780573     -0.009033734488976815    9.299600000000003        1617.2574736317335
-0.020125206132237502     -7.558181551322265E-4    9.299600000000003        1617.8504924340368
-0.021235233468797132     -0.0017809454415348856   9.299600000000003        1617.7408700953417
-0.02104803158719491      -0.0033163407418612236   9.299600000000003        1617.6394015566793
-0.022562862282381194     -0.003024176443306381    9.299600000000003        1617.6035412486574
-0.018858555827240518     -0.007442851537246925    9.299600000000003        1617.4084721509992
-0.019770014567573473     -0.006120410597765438    9.299600000000003        1617.4788751990952
-0.020934363679438593     -0.005749673909119075    9.299600000000003        1617.466854303842
-0.0217409911069405       -0.00454674438287314     9.299600000000003        1617.5257078053044
-0.022564708654937256     -0.006261808957505444    9.299600000000003        1617.3684771463047
-0.02349333359091897      -0.0043619555018113215   9.299600000000003        1617.470473504152
-0.02455222040807224      -0.0026637706774812818   9.299600000000003        1617.5465338145991
-0.026053208564610533     -0.003258616366077699    9.299600000000003        1617.4363476854514
-0.02622442368751216      -0.0017664837569134739   9.299600000000003        1617.5326072752216
-0.027651595009116597     -0.0030581657887022895   9.299600000000003        1617.372175680457
-0.026582426391366595     -0.0042611535521978215   9.299600000000003        1617.3396280673883
-0.025146594103208936     -0.004381612946309429    9.299600000000003        1617.3978671511031
-0.024534359190759306     -0.0058260266762749195   9.299600000000003        1617.3196332783552
-0.024825294238474713     -9.403575533148385E-4    9.299600000000003        1617.6539813248244
-0.02367310320344874      -3.231476103161838E-5    9.299600000000003        1617.7655549966594
-0.023147542056173087     -0.001413558112234059    9.299600000000003        1617.6929328489562
-0.03579389261701318      0.007643369532781787     9.299600000000003        1617.5482793344029
-0.03386254854198871      0.006626165673338136     9.299600000000003        1617.6263940317142
-0.032309259420714026     0.005893008187544291     9.299600000000003        1617.6857934060688
-0.03104406797422016      0.00511636939680096      9.299600000000003        1617.7181436802964
-0.027869583599406864     -0.0011915851342887151   9.299600000000003        1617.490381353331
-0.026386818566037924     -6.631445720819069E-5    9.299600000000003        1617.640695205606
-0.025062334973383733     8.717760788160637E-4     9.299600000000003        1617.7653801225972
-0.02514221873891961      0.0026599239983955756    9.299600000000003        1617.8784986438934
-0.028173044643203565     5.570067788257017E-4     9.299600000000003        1617.5921237097355
-0.026666679123359308     0.0016029821182145176    9.299600000000003        1617.737587872419
-0.026901875412712013     0.0035252691516760313    9.299600000000003        1617.8491104171303
-0.02783036560026502      0.0048016407926236345    9.299600000000003        1617.8806306248482
-0.028755606383189233     0.0036790033217445717    9.299600000000003        1617.7616778358713
-0.028412597026403388     0.002202079751711849     9.299600000000003        1617.6867109789512
-0.0304873902485786       0.003842580051702911     9.299600000000003        1617.6737084970719
-0.029736696442974        0.0026543963603663555    9.299600000000003        1617.6426446935734
-0.03235516784264224      0.0039711472295955825    9.299600000000003        1617.5677315007324
-0.031411362327317366     0.0022231533490031114    9.299600000000003        1617.5170958400447
-0.03575821809996615      0.005945905737954503     9.299600000000003        1617.455231418692
-0.03403496794484122      0.005102919874411065     9.299600000000003        1617.5260828021344
-0.03308427600704455      -0.004460253277160467    9.299600000000003        1616.963560043494
-0.03261919539040989      -0.005812957703906726    9.299600000000003        1616.8953750535838
-0.031569385748668514     -0.004490553147297001    9.299600000000003        1617.0542677575534
-0.030780345417112838     -0.00605151195777122     9.299600000000003        1616.9876438575839
0.031168122078544788      -0.0034119919039540337   9.299600000000003        1616.3715760047705
0.029624594011032106      -0.0024775562400244236   9.299600000000003        1616.550292794563
0.015521038020552125      -0.01776986363472115     9.299600000000003        1616.3417733391232
0.016129617541160608      -0.019488647135219576    9.299600000000003        1616.1747399120384
0.01733694407377224       -0.018074402384311915    9.299600000000003        1616.2349655800447
0.01525988667759821       -0.020545459772773313    9.299600000000003        1616.1242905762554
0.01515338910960148       -0.02197670769079735     9.299600000000003        1616.0074608550829
0.016559737286471858      -0.021063549826133968    9.299600000000003        1616.0244442173098
0.01533309729581541       -0.02365818797653673     9.299600000000003        1615.854675359341
0.018056947696783465      -0.02635377589383583     9.299600000000003        1615.4972818586918
0.017145886474524554      -0.02467591018252226     9.299600000000003        1615.6875157713823
0.018998571128989797      -0.024955478194544103    9.299600000000003        1615.5768133254269
0.016856628790064058      -0.02261403999474499     9.299600000000003        1615.8795112714233
0.021555813406100237      -0.012798101656106514    9.299600000000003        1616.4201829731765
0.023456453679749033      -0.012661565445109942    9.299600000000003        1616.3166662909023
0.020172432578942658      -0.01573276715168044     9.299600000000003        1616.276559830308
0.020423412391539497      -0.017064571736475662    9.299600000000003        1616.1595147530522
0.021604843841149638      -0.015902904046759054    9.299600000000003        1616.1844010481802
0.030551563414477446      -0.009281078873848164    9.299600000000003        1616.0563682928139
0.032104248421733476      -0.008407780702136148    9.299600000000003        1615.9899422757483
0.03200420707000582       -0.00985924205501662     9.299600000000003        1615.9042132478241
0.030972631863304612      -0.011129733665867855    9.299600000000003        1615.9009187235263
0.026062661509248082      -0.010715736737273582    9.299600000000003        1616.2857663663299
0.0253183706947824        -0.01239272044284198     9.299600000000003        1616.2175154001764
0.022493034387614106      -0.014332613776108567    9.299600000000003        1616.251895153309
0.02343065118833025       -0.01581796709264922     9.299600000000003        1616.0840501415105
0.02442849895935698       -0.014137371569568926    9.299600000000003        1616.148199284233
0.025513933893859912      -0.01591512117893127     9.299600000000003        1615.9465910729198
0.02625225702633466       -0.013962657407768987    9.299600000000003        1616.0425664737857
0.027398370077370327      -0.012339663741359398    9.299600000000003        1616.0804832991128
0.027883986111670186      -0.010279196938327151    9.299600000000003        1616.1886585938084
0.0306615462378311        -0.012712640937920823    9.299600000000003        1615.816517443519
0.02911249251485557       -0.011609185918350366    9.299600000000003        1616.0085481277722
0.0294398785313953        -0.010181805582935766    9.299600000000003        1616.0812665008839
0.02730242122838289       -0.015430223544912245    9.299600000000003        1615.8640214807003
0.02781476517374746       -0.014064858627406043    9.299600000000003        1615.9284005826466
0.029027041365892223      -0.013303122228621267    9.299600000000003        1615.8965369868517
0.02698013161017213       -0.017109758565293787    9.299600000000003        1615.759910645488
0.02864493822263388       -0.016730444828878036    9.299600000000003        1615.6742879125416
0.02567663830160017       -0.017698021969597133    9.299600000000003        1615.8002761206512
0.02686262612713779       -0.018969085690895445    9.299600000000003        1615.6244568152235
0.024975291812688677      -0.018977434866349632    9.299600000000003        1615.7447604050924
0.026122190792743447      -0.02048024092026564     9.299600000000003        1615.5529382920167
0.03293441773910735       -0.004052896139436462    9.299600000000003        1616.1871078317026
0.03282017501839193       -0.0024463960423562934   9.299600000000003        1616.2891550165948
0.03347619704917185       -9.591779326443939E-4    9.299600000000003        1616.3150281794751
0.03483880864967525       -1.765260486239308E-4    9.299600000000003        1616.2356242810395
0.033178723187788584      4.901149392912363E-4     9.299600000000003        1616.4190396165102
0.03300902678982298       -0.005436038142774196    9.299600000000003        1616.0990329216943
0.03152159433793106       -0.005068865428455678    9.299600000000003        1616.24427199274
0.03394613347699454       -0.0065256328905849625   9.299600000000003        1615.9539665306072
0.03218430007019234       -0.006838046111868239    9.299600000000003        1616.0820740881957
0.033729216233238615      -0.007930097628836407    9.299600000000003        1615.8859803144308
0.034512256102118256      -0.0019089746308543108   9.299600000000003        1616.1715668963172
0.03448256138664506       -0.003355300118095055    9.299600000000003        1616.0934320555518
0.03442738255482842       -0.004919140433416509    9.299600000000003        1616.0081862755549
0.036269753776588254      -0.0040251900133276616   9.299600000000003        1615.8955224648603
0.03618219732845624       -0.002449519831975629    9.299600000000003        1615.991036015327
0.037709802981965364      -0.0029084280258947688   9.299600000000003        1615.8240716634039
0.03619624063727762       -9.962865430268506E-4    9.299600000000003        1616.067911728853
0.03275917801850229       -0.011040796411692845    9.299600000000003        1615.765641536629
0.033495332086651765      -0.009485592376691849    9.299600000000003        1615.807030944063
0.034617892130655324      -0.010610066880810615    9.299600000000003        1615.640463828566
0.034234065542683954      -0.012017825910615692    9.299600000000003        1615.579816423793
0.03595476509332209       -0.011659667440835872    9.299600000000003        1615.45799718084
0.03638833481303082       -0.010379843410752333    9.299600000000003        1615.5030273378934
0.03768799038811613       -0.011245339348821095    9.299600000000003        1615.3327940002862
0.03573720996321732       -0.005830464927987951    9.299600000000003        1615.8393821594561
0.0354472464140117        -0.008853868845214835    9.299600000000003        1615.6814280485814
0.035540335166077956      -0.007290587166134967    9.299600000000003        1615.769555383009
0.03744662763345658       -0.005343724950223496    9.299600000000003        1615.7127347809435
0.03773888365233295       -0.010091171208432153    9.299600000000003        1615.4013506180352
0.039214024991709215      -0.010626402533809266    9.299600000000003        1615.2336510881066
0.037035989631274455      -0.009248308259242008    9.299600000000003        1615.5169399521255
0.03698794797113193       -0.007927951933462537    9.299600000000003        1615.6022230314577
0.03716192863822902       -0.006677396323967834    9.299600000000003        1615.6612585997284
0.04010483976872598       -0.009473712271206433    9.299600000000003        1615.2217236751094
0.03855692483409325       -0.008843433674376618    9.299600000000003        1615.4038888856865
0.04149764653343766       -0.009221038287135788    9.299600000000003        1615.1046554958684
0.04019937094781161       -0.008219293647446894    9.299600000000003        1615.287799149304
0.038658642382229325      -0.00748463153891958     9.299600000000003        1615.475899930091
-0.01538046515302108      -0.015399323718023194    9.299600000000003        1616.8667815180631
-0.017221923224021        -0.01582781436468982     9.299600000000003        1616.785059832467
-0.012672149074018322     -0.012685268835358574    9.299600000000003        1617.143700241544
-0.014518186641671236     -0.013598111704960272    9.299600000000003        1617.0347371246605
-0.012552166892066197     -0.014204359330842629    9.299600000000003        1617.0217244253674
-0.01382379253405627      -0.015253384972353243    9.299600000000003        1616.9118482313033
-0.014210528367814718     -0.017014091684518496    9.299600000000003        1616.7555237807137
-0.012314746795490907     -0.016171890351536166    9.299600000000003        1616.8615726682958
-0.009198178209034067     -0.018418443852607474    9.299600000000003        1616.7097224669435
-0.010364069787277958     -0.01697551516197351     9.299600000000003        1616.8209088775343
-0.010704316884076413     -0.018958361879418507    9.299600000000003        1616.645998124153
-0.008302343226706118     -0.017059794391357158    9.299600000000003        1616.833780931627
-0.010915124224196751     -0.013305032559992824    9.299600000000003        1617.1194504545647
-0.008807394978516745     -0.015607624567963963    9.299600000000003        1616.9520849050887
-0.00914122034919795      -0.013757328603149615    9.299600000000003        1617.1019947490383
-0.010708842031936703     -0.014981038309744867    9.299600000000003        1616.9843086402125
-0.0075118672425796545    -0.012733202275800711    9.299600000000003        1617.1966916727727
-0.006977101853609967     -0.015679459742424132    9.299600000000003        1616.9578829928062
-0.007692631304201274     -0.014429054439195925    9.299600000000003        1617.0577322012198
-0.005130586763874794     -0.01572893972979164     9.299600000000003        1616.9582484802825
-0.0059338099668309364    -0.014076792677300875    9.299600000000003        1617.0935041607004
-0.001808079267790669     -0.011734580541988773    9.299600000000003        1617.2700794358732
-0.00331392068904487      -0.011781193173869607    9.299600000000003        1617.275130237169
-0.006068217993036594     -0.011958596619008825    9.299600000000003        1617.2639598030748
-0.004541699916735731     -0.012713369441978836    9.299600000000003        1617.2042767384717
-0.004765715314774562     -0.010788142988443116    9.299600000000003        1617.3569323804647
-0.00754090887361614      -0.01888563632690709     9.299600000000003        1616.6821603759554
-0.006319280230299153     -0.017298496537763372    9.299600000000003        1616.8240807000193
-0.005451096931020268     -0.01914242509553102     9.299600000000003        1616.6677664028152
-0.0035497493840723976    -0.015979562800778356    9.299600000000003        1616.935338317991
-7.619113815696329E-4     -0.016497520645050886    9.299600000000003        1616.8754590574024
0.0015862957937686673     -0.020536133227896356    9.299600000000003        1616.504842995396
0.003250618768518487      -0.020079494242729996    9.299600000000003        1616.519265667834
0.001662823502294115      -0.018889970167062075    9.299600000000003        1616.6458776771567
0.003494619824406397      -0.01808349588269675     9.299600000000003        1616.685290558744
0.0021694818533991487     -0.017092495055635915    9.299600000000003        1616.7903245566847
4.640643742812748E-4      -0.01791433551414121     9.299600000000003        1616.743940386834
-0.0024862787750349275    -0.017046114572299414    9.299600000000003        1616.8416768392135
-0.0014562874336063944    -0.01834632280816485     9.299600000000003        1616.7250493444365
-0.004326975122723827     -0.01737787167250395     9.299600000000003        1616.8194094515811
0.0025359300954095622     -0.02198798328255344     9.299600000000003        1616.3637907061475
5.854020653579662E-4      -0.021757745541287888    9.299600000000003        1616.4096175128034
-1.4290645355194412E-4    -0.019903186671496532    9.299600000000003        1616.5798679009715
0.0012009389458597407     -0.023160873076454494    9.299600000000003        1616.2771675614422
0.0024544858335263987     -0.023890431249915432    9.299600000000003        1616.1945936173397
8.551926834831329E-4      -0.024980687310802198    9.299600000000003        1616.1154718903745
-0.0021952309276927957    -0.020220284686286432    9.299600000000003        1616.5676869969427
-0.003951857714015121     -0.020211837912545084    9.299600000000003        1616.5744496661343
-0.005256378657672334     -0.02112366752850241     9.299600000000003        1616.4940808862048
-0.003433851786740758     -0.01865578122981167     9.299600000000003        1616.7084685349416
-0.007280737958929859     -0.02565163257287579     9.299600000000003        1616.0728782243898
-0.005843711930908076     -0.02429441840579949     9.299600000000003        1616.2057329642662
-0.007796221989684005     -0.023810748446318104    9.299600000000003        1616.2404815007083
-0.006607680144380376     -0.022432373755502243    9.299600000000003        1616.3729317860268
0.005184264614047229      -0.019204939278012555    9.299600000000003        1616.5572914343154
0.008762225125871327      -0.022366577997019084    9.299600000000003        1616.195942591334
0.009202554653588909      -0.02387324500634697     9.299600000000003        1616.0502489644261
0.008313763938960592      -0.020495143318607793    9.299600000000003        1616.3706474603164
0.007017854863493864      -0.019351163717370796    9.299600000000003        1616.5023511969264
0.006378665686796139      -0.020822532444082737    9.299600000000003        1616.391823076836
0.004523928114452215      -0.021250004811508984    9.299600000000003        1616.3944058245781
0.007490495922903335      -0.023853532153071358    9.299600000000003        1616.098022001965
0.007336665615217929      -0.022001923341661313    9.299600000000003        1616.2658667986852
0.005887378224829735      -0.022602229890043832    9.299600000000003        1616.2472135587652
0.004129737756513498      -0.023181373385472614    9.299600000000003        1616.2310042338966
0.005533572464404607      -0.024396251993426273    9.299600000000003        1616.0941600606518
0.002458967058981784      -0.025452799755981692    9.299600000000003        1616.05166088715
0.0037657225755681977     -0.02499853903202963     9.299600000000003        1616.0729095451445
-0.01228531232480171      -0.017942849888489036    9.299600000000003        1616.7110326718314
-0.016763299470841295     -0.019299272582995436    9.299600000000003        1616.4986509865
-0.01552211078924709      -0.019965262793530236    9.299600000000003        1616.470519501025
-0.01565629096385717      -0.0182694094334811      9.299600000000003        1616.6158572756083
-0.01400637047037983      -0.0189855933164551      9.299600000000003        1616.5894166095102
-0.012372229297476141     -0.019845303604388548    9.299600000000003        1616.5437828588076
0.011984593335742517      -0.025613191080078108    9.299600000000003        1615.8068936997827
0.01021115785337646       -0.02627231484240186     9.299600000000003        1615.8037666566033
0.013680755420241771      -0.026777275515474007    9.299600000000003        1615.6408740140837
0.014345230448957049      -0.02854741257697359     9.299600000000003        1615.4527800172975
0.006966482080721829      -0.02571413197460682     9.299600000000003        1615.9421744913955
0.008724430250601631      -0.025219853599634825    9.299600000000003        1615.942478911649
0.008464321281574145      -0.026845864911793266    9.299600000000003        1615.8003882803434
0.006586769943060746      -0.027417302661747512    9.299600000000003        1615.7930901770278
0.02412969777770318       -0.017373029615258974    9.299600000000003        1615.922323484194
0.01837115009745045       -0.021471891930522652    9.299600000000003        1615.906129874763
0.02032508605374047       -0.02214639294202114     9.299600000000003        1615.7517128502566
0.02001237562012976       -0.02390357703455296     9.299600000000003        1615.6181068254498
0.018615802852766115      -0.023184300532349433    9.299600000000003        1615.748943318317
0.022234873090289924      -0.017303692292427186    9.299600000000003        1616.0400732109863
0.02111020809980079       -0.01871819025693273     9.299600000000003        1615.9912688064596
0.0215748969460424        -0.020465069067922566    9.299600000000003        1615.8244655281053
0.023106890884218172      -0.01920785828308824     9.299600000000003        1615.8392317649118
0.023043143011862256      -0.020979825160804117    9.299600000000003        1615.6996589328903
0.025507791080521793      -0.021680135087401218    9.299600000000003        1615.4945713820587
0.024417252679477846      -0.020574263064312478    9.299600000000003        1615.6514421943432
0.024076031506957273      -0.022424358162954645    9.299600000000003        1615.520143356769
0.02143118886417976       -0.023685014901675808    9.299600000000003        1615.5629419100003
0.023133214254712185      -0.023796195249358432    9.299600000000003        1615.4595176793944
0.022187117117596137      -0.022157679781431672    9.299600000000003        1615.6507403482635
0.02236085377679076       -0.024900001994187022    9.299600000000003        1615.4080199215573
0.02385803012063668       -0.02536248069598573     9.299600000000003        1615.2836959412843
0.020832675419127065      -0.025473606876046252    9.299600000000003        1615.4395940545642
0.018767900698127574      -0.03321745869542315     9.299600000000003        1614.824906958853
0.017570869417462696      -0.03348228625276159     9.299600000000003        1614.8518888176911
0.018673442870629952      -0.03429066392306013     9.299600000000003        1614.724663679785
0.01973034138620471       -0.026697627260423348    9.299600000000003        1615.386850299313
0.021315333827660047      -0.027315218290799147    9.299600000000003        1615.2512987260145
0.02024824399228964       -0.02834287084499204     9.299600000000003        1615.2127601820932
0.019142417780925035      -0.030734703500710128    9.299600000000003        1615.044645897723
0.0179449029495662        -0.03176880934566561     9.299600000000003        1615.0010110824248
0.019639842558096424      -0.03232950865648691     9.299600000000003        1614.8700518912474
0.01616434087596938       -0.03236012234084954     9.299600000000003        1615.0194895034654
0.016170077605408124      -0.030798672811972707    9.299600000000003        1615.1689841315203
0.01454324105513175       -0.03129604443371986     9.299600000000003        1615.1853834612145
0.015960150559258948      -0.02911085648260276     9.299600000000003        1615.3364968105486
0.014880326791885987      -0.029992340510389032    9.299600000000003        1615.296752010083
0.013279808773653005      -0.030096303346439278    9.299600000000003        1615.3461795619971
0.017451515964238187      -0.029934534204912988    9.299600000000003        1615.1962858323188
0.017202876997879302      -0.02804555909723899     9.299600000000003        1615.382300749432
0.01881309163102476       -0.027694514030400713    9.299600000000003        1615.3411652418063
0.01864646732937248       -0.02911676976286877     9.299600000000003        1615.2186148364399
-0.03733105592514212      0.008007811996240136     9.299600000000003        1617.4538346697268
-0.03668377380670321      0.009123502582871378     9.299600000000003        1617.562332017089
-0.037252921387916055     0.006758590088704074     9.299600000000003        1617.3911184236788
-0.03738952310810691      0.005232766520213193     9.299600000000003        1617.2939581942674
-0.03895294160101796      0.006067269053978393     9.299600000000003        1617.2207365907977
-0.03905050364473157      0.004614735859016541     9.299600000000003        1617.1298772983075
-0.042254227414630856     0.0049549366258186305    9.299600000000003        1616.885379685402
-0.04248472464173571      0.00364766303870884      9.299600000000003        1616.7905369794992
-0.04083041397746523      0.0040544840346729595    9.299600000000003        1616.9534746856962
-0.04102837731731029      0.002614319289903566     9.299600000000003        1616.8517360281876
-0.013873745811997443     -0.020855667320036183    9.299600000000003        1616.4268929748944
-0.017506901659311725     -0.01781939972762991     9.299600000000003        1616.6075569926156
-0.018177565718513734     -0.019513505914960382    9.299600000000003        1616.4409858291276
-0.023612143027817275     -0.012391440445791728    9.299600000000003        1616.8519327940048
-0.02166927546915111      -0.012466176515259414    9.299600000000003        1616.9212759180696
-0.019910165177211378     -0.01195486754099205     9.299600000000003        1617.0234889405394
-0.019983841649724315     -0.013371143685908502    9.299600000000003        1616.9063771199417
-0.015995858483093883     -0.01684148868768236     9.299600000000003        1616.7304861229343
-0.020270839893989548     -0.015073761368266853    9.299600000000003        1616.756244829159
-0.018970315650500717     -0.01641284617259036     9.299600000000003        1616.685312940733
-0.02071664144930302      -0.0168369457577589      9.299600000000003        1616.592358992805
-0.02129864635594262      -0.014122962506729213    9.299600000000003        1616.799502789078
-0.022720820757213822     -0.013962262972842731    9.299600000000003        1616.7596165986158
-0.02445518684045727      -0.01410690577979707     9.299600000000003        1616.6769305370233
-0.026240813066868082     -0.01400161810411504     9.299600000000003        1616.605831424327
-0.02552317838733238      -0.01587039353588086     9.299600000000003        1616.483400445092
-0.02720377706238653      -0.015255265005419526    9.299600000000003        1616.456283803066
-0.027238160371189677     -0.01671008993364873     9.299600000000003        1616.3323080006573
-0.025737466873028202     -0.007217904662507173    9.299600000000003        1617.1622973161448
-0.025347905953718414     -0.012368783509344339    9.299600000000003        1616.7793656517642
-0.027432168934740087     -0.012297816883988523    9.299600000000003        1616.6869617714406
-0.026168135453733532     -0.010688985406656611    9.299600000000003        1616.8755144568756
-0.02788078122589241      -0.010349973291209133    9.299600000000003        1616.8188255292062
-0.025124846333381946     -0.009009367337434683    9.299600000000003        1617.0538285792452
-0.024362062735099627     -0.010714087932881563    9.299600000000003        1616.9542742440797
-0.0288849701439557       -0.01576955562571384     9.299600000000003        1616.3286029927494
-0.029915106060655096     -0.014455407776907793    9.299600000000003        1616.3826520012083
-0.028070167616115128     -0.014033605359494931    9.299600000000003        1616.5142800850774
0.012251496836636696      0.03270999895511985      9.299600000000003        1619.2568333471172
0.011856677079225796      0.0346683136893249       9.299600000000003        1619.316024744286
0.01235939756960867       0.03614415225095242      9.299600000000003        1619.309966901256
0.013446216912169065      0.033701637890874096     9.299600000000003        1619.2081522205924
0.013238993871267857      0.03680087609037486      9.299600000000003        1619.266313604329
0.01340584036221271       0.03540962554386211      9.299600000000003        1619.238748250579
0.014898302300837968      0.03311772634016157      9.299600000000003        1619.1077000462756
0.014622486077196704      0.034824490961753024     9.299600000000003        1619.1547965542015
0.016375120175001562      0.03268544983513667      9.299600000000003        1619.0020595622539
0.01583022052991756       0.034356521021740236     9.299600000000003        1619.0684365201598
0.014477677608153048      0.036619240142424514     9.299600000000003        1619.187535523226
0.01696375020808824       0.01639584118290103      9.299600000000003        1618.4175029833168
0.01717452431491028       0.018271204339638334     9.299600000000003        1618.4864846147502
0.015515162622582061      0.017516989170131517     9.299600000000003        1618.5530749085021
0.02051525070739838       0.01947939917320794      9.299600000000003        1618.312318782943
0.018854751865600743      0.018847304059751737     9.299600000000003        1618.402030019198
0.014733025404902681      0.022429274348731803     9.299600000000003        1618.801576587883
0.01614714920176576       0.023167619643269792     9.299600000000003        1618.7444400441275
0.014608515597902012      0.02626840344931658      9.299600000000003        1618.9454573951914
0.014599096894762577      0.024244626027888034     9.299600000000003        1618.8767156570568
0.017678330930385365      0.025904651901382157     9.299600000000003        1618.7382779272195
0.018023054251100044      0.024067640467394288     9.299600000000003        1618.6544775509667
0.01931253225120662       0.025458980999654053     9.299600000000003        1618.6097824203378
0.016125642994066557      0.025013376802548375     9.299600000000003        1618.8108196207802
0.01636342716301705       0.026530708863760997     9.299600000000003        1618.84505907686
0.011813918392497524      0.029679385800675348     9.299600000000003        1619.2057020666425
0.01114699858152951       0.03128759436259148      9.299600000000003        1619.2827135652915
0.012551325977378788      0.031052520313822156     9.299600000000003        1619.2019849443416
0.013703007724576345      0.029930868744581667     9.299600000000003        1619.1075346802713
0.015300108800719888      0.02949227338762625      9.299600000000003        1618.9987941769507
0.015115789759078048      0.031187470395665818     9.299600000000003        1619.0527620926425
0.013785373761148466      0.03170815069936047      9.299600000000003        1619.1466017466273
0.021099567372268466      0.021416479266849267     9.299600000000003        1618.3424616272353
0.019177146268486985      0.030779976719147038     9.299600000000003        1618.7618293038033
0.019193697852449863      0.028855841782607045     9.299600000000003        1618.7150626276373
0.020624556681350076      0.03014329063073633      9.299600000000003        1618.6362488635493
0.0170904462080888        0.034127373540880086     9.299600000000003        1618.9777046397467
0.01801696260940444       0.03327833070921797      9.299600000000003        1618.8968360888066
0.01805937357467079       0.034669838212934845     9.299600000000003        1618.915345512096
0.019201849710835377      0.034339524901788515     9.299600000000003        1618.824004377446
0.019176416557252454      0.032529320476506286     9.299600000000003        1618.7968234948842
0.018932532694258118      0.03602303527766126      9.299600000000003        1618.8652250205746
0.017847639583595146      0.03148559510083216      9.299600000000003        1618.874721336448
0.01936400380182781       0.022620686144764455     9.299600000000003        1618.5112858594248
0.02102175716519973       0.02330280816531163      9.299600000000003        1618.4138587675404
0.01981157363762298       0.024105270279325894     9.299600000000003        1618.5301072051607
0.02117464149456193       0.02517872630011298      9.299600000000003        1618.462153129909
0.020310525956655463      0.03189061076359614      9.299600000000003        1618.6968158694797
0.020442152001944165      0.033649686109935115     9.299600000000003        1618.7158632150529
0.021661267809310682      0.033109133155247446     9.299600000000003        1618.607353825517
0.021701837074132212      0.03485331120672472      9.299600000000003        1618.6270620258501
0.01569787969249636       0.027838181037477254     9.299600000000003        1618.9273183149828
0.017926888541146217      0.02956069880053695      9.299600000000003        1618.8246391987452
0.01759254239087827       0.02781065526783995      9.299600000000003        1618.8012795697264
0.01654507072195699       0.030677455834220484     9.299600000000003        1618.9472900582805
0.01661462813309374       0.029089209678570233     9.299600000000003        1618.9027425338215
0.022337546822966608      0.030541730558747232     9.299600000000003        1618.5050743121717
0.02191570298718231       0.02879892139026174      9.299600000000003        1618.5017487063653
0.021534704259545373      0.03149965937498117      9.299600000000003        1618.5905020792416
0.022579939114627953      0.0319274094673542       9.299600000000003        1618.5103242339069
0.02364842413057475       0.03145112064412883      9.299600000000003        1618.4092223883451
0.023612675918719173      0.03314425139888234      9.299600000000003        1618.4387928605524
0.019117522128113806      0.02715162890044722      9.299600000000003        1618.6745545244312
0.02052825047365048       0.028165969580930112     9.299600000000003        1618.596315731096
0.02170644829582447       0.02685872003140107      9.299600000000003        1618.469047062307
0.020373823147831666      0.02656588813283772      9.299600000000003        1618.564450170366
0.01391085613282786       0.03823949816450295      9.299600000000003        1619.2375565357327
0.012840568663570483      0.03921105471738751      9.299600000000003        1619.308262069183
0.020476443022236217      0.035489109593708136     9.299600000000003        1618.7364099720696
0.021990768493893125      0.03642257726878221      9.299600000000003        1618.616805862017
0.017008579017494058      0.035720847293862955     9.299600000000003        1619.0055870209446
0.015744089029819473      0.03611358393176963      9.299600000000003        1619.0983770911728
0.020534973808168377      0.03702525916774314      9.299600000000003        1618.7447797589136
0.018008867546111584      0.03713245123582326      9.299600000000003        1618.9458726201815
0.01935861647830329       0.03776085266692101      9.299600000000003        1618.8451060366817
0.016808006851421486      0.03745951413164984      9.299600000000003        1619.036839968715
0.01802962389778668       0.03851893721084306      9.299600000000003        1618.952445549111
0.015541096277400569      0.03791805334833325      9.299600000000003        1619.1287311736596
0.0168879217820964        0.03907191030658359      9.299600000000003        1619.0394813623698
0.023358144779143112      0.042607976786446525     9.299600000000003        1618.4903595266135
0.02329032127437814       0.041071486839183526     9.299600000000003        1618.506183123687
0.024819071743188835      0.04189596325783913      9.299600000000003        1618.3576869962378
0.024481083076237517      0.04018647310498771      9.299600000000003        1618.3977341885495
0.006637412304598062      0.0466137979033015       9.299600000000003        1619.5608766021332
0.005235647329811078      0.04698782858489726      9.299600000000003        1619.603370068057
0.005552196149869769      0.045112035058618334     9.299600000000003        1619.6262535049193
0.007234541705057546      0.045354325702269674     9.299600000000003        1619.5593639782871
0.004157561522145482      0.04577111064276712      9.299600000000003        1619.6603500248784
0.008402684044651113      0.04645271776134204      9.299600000000003        1619.4904858747486
0.009739265688969972      0.04605833866578095      9.299600000000003        1619.4344494931602
0.008502668798357598      0.04457428111301257      9.299600000000003        1619.5157173169714
0.009750127058568396      0.04308729335731018      9.299600000000003        1619.4714429768408
0.008577550733857126      0.04156285441342364      9.299600000000003        1619.534781916601
0.00679660914454991       0.04372680150725238      9.299600000000003        1619.5971988753674
0.0052377014883327536     0.043339261835545914     9.299600000000003        1619.6572348427537
0.008100247642174879      0.04299922026010649      9.299600000000003        1619.549244026997
0.0070843869249025285     0.04193074288095309      9.299600000000003        1619.5975249588473
0.005853056271100206      0.04216953433257224      9.299600000000003        1619.6432767591125
0.004852871591199774      0.04068733656238909      9.299600000000003        1619.6796629162538
0.018217145450597966      0.04035775846211952      9.299600000000003        1618.9405841008195
0.01267265680687755       0.04059541503579273      9.299600000000003        1619.3210482441075
0.01534629972244953       0.03948938823765366      9.299600000000003        1619.1492259746492
0.01409420036287157       0.040038122705049445     9.299600000000003        1619.2329254237438
0.018849698781653084      0.04318211798518207      9.299600000000003        1618.8757071190855
0.017585836314133123      0.04387920642381189      9.299600000000003        1618.9676291810458
0.017400150780978806      0.04202695049301715      9.299600000000003        1618.9973513145708
0.019085377621523878      0.041824372745034505     9.299600000000003        1618.8668265905083
0.01545840708022752       0.04136957751022951      9.299600000000003        1619.1407198654704
0.01660867940343456       0.04037963302944492      9.299600000000003        1619.061266756547
0.011019673011108197      0.04225770938361005      9.299600000000003        1619.4107579968243
0.011570274694292945      0.043978356126000144     9.299600000000003        1619.3667718492075
0.012627047975853458      0.042443805015308256     9.299600000000003        1619.3182598166711
0.013850267941192571      0.04152778577387513      9.299600000000003        1619.2469741227546
0.016213512154935456      0.04300340573137698      9.299600000000003        1619.0779513420894
0.0144491137027665        0.04306197205612824      9.299600000000003        1619.1992321760529
0.013254739870520744      0.043991647902706536     9.299600000000003        1619.266887546985
0.015882505928724453      0.044368804628665416     9.299600000000003        1619.0874640680015
0.010755020876307407      0.04914387750488232      9.299600000000003        1619.3140766313643
0.010232680034215812      0.050768384332391094     9.299600000000003        1619.2961053111303
0.011095424435955615      0.04729301022098843      9.299600000000003        1619.3396873983193
0.01587507414699718       0.045989312285983054     9.299600000000003        1619.0643187504268
0.014561940782727326      0.0449364271019913       9.299600000000003        1619.1708720602894
0.015616476758328153      0.047703910838533266     9.299600000000003        1619.050210870608
0.014248777858555163      0.04645941470805301      9.299600000000003        1619.166955229439
0.012834186405741145      0.045317960348402186     9.299600000000003        1619.2754063085306
0.011517100064906824      0.04585877601153363      9.299600000000003        1619.3437207455388
0.012785485564850086      0.047042121253464145     9.299600000000003        1619.2478266419018
0.014099045889375342      0.04828418408988228      9.299600000000003        1619.1391139669547
0.012318483095019993      0.048718388185563254     9.299600000000003        1619.238017715243
0.011978891751103423      0.05044809597487908      9.299600000000003        1619.2126932906092
0.037829610631336365      -2.3332807833065377E-4   9.299600000000003        1615.9535610051817
0.03656917461577204       9.047231844150198E-4     9.299600000000003        1616.1313301498924
0.034624788258367144      0.0013689094175502467    9.299600000000003        1616.3353847769176
0.03618969819707767       0.002451072790188193     9.299600000000003        1616.2440494652926
0.03925810818143692       0.003111487260242119     9.299600000000003        1615.9758536249135
0.03908383234466209       0.004554625481555634     9.299600000000003        1616.058805109358
0.03762158093174836       0.0034878919376984865    9.299600000000003        1616.155673271254
0.03772417909669406       -0.0016127219764950763   9.299600000000003        1615.892041915771
0.03935490425538719       -7.700412658974719E-4    9.299600000000003        1615.7782149271668
0.0393013136852599        -0.002213301047741126    9.299600000000003        1615.708954201079
0.03937886203020627       -0.0035646827888625027   9.299600000000003        1615.6294641971238
0.040938902603650046      -0.0027608716118312647   9.299600000000003        1615.5194725617066
0.03775163448695131       0.002188149455144587     9.299600000000003        1616.08126443119
0.03950891141307002       0.0017792229936520944    9.299600000000003        1615.8882952727452
0.038147964424672054      9.600659582747532E-4     9.299600000000003        1615.9827636622038
0.039102181593127706      3.987484727556204E-4     9.299600000000003        1615.8616367591376
0.04093849409947802       0.0028004756102722717    9.299600000000003        1615.7908829658497
0.0375383164854483        0.004857184863394879     9.299600000000003        1616.2267585970303
0.026683892282442116      -7.208791178009196E-4    9.299600000000003        1616.8775759638731
0.02823401248504551       -0.0014876595266017313   9.299600000000003        1616.7162751666185
0.028201381022364417      4.6813424442090847E-4    9.299600000000003        1616.8302488446232
0.026624229853055244      0.0012519093882278813    9.299600000000003        1616.9944452920442
0.02527655860623113       0.003843799408590155     9.299600000000003        1617.2366924680498
0.026532872089735825      0.0030591873225919355    9.299600000000003        1617.1007106645195
0.023419324531789593      0.008715232876639212     9.299600000000003        1617.6241670064137
0.02473074407692231       0.005142245269302008     9.299600000000003        1617.345909752693
0.024112353324902823      0.0068320430096877995    9.299600000000003        1617.478894838003
0.02635205842498242       0.004759855099233057     9.299600000000003        1617.204878162093
0.029685401207349242      0.0015296458966961603    9.299600000000003        1616.7704253571249
0.028135934850390648      0.0024092248199641887    9.299600000000003        1616.9418998587307
0.02791534165038908       0.00425925097692331      9.299600000000003        1617.0571700872333
0.020717304922191614      0.011271901391367259     9.299600000000003        1617.9378725288618
0.02192440123267317       0.00992903959422801      9.299600000000003        1617.7898660938442
0.022489935335548904      0.011554507760169674     9.299600000000003        1617.8284794466279
0.023356056046194684      0.010440879654245012     9.299600000000003        1617.7129996242484
0.02533955976855024       0.008295411480147475     9.299600000000003        1617.4611985524198
0.024753726626356155      0.010031658539222436     9.299600000000003        1617.5895287526882
0.025872376427627353      0.006494673320019781     9.299600000000003        1617.3307951103695
0.029214385674300784      0.005520866305336378     9.299600000000003        1617.0159808128203
0.027628011186845863      0.006152906679458388     9.299600000000003        1617.1765727188222
0.02649768121346706       0.009827171240763847     9.299600000000003        1617.4442949058437
0.025769784754625172      0.011542937085952306     9.299600000000003        1617.5808272991414
0.021436744865019453      0.01304572058995383      9.299600000000003        1617.9725626410675
0.02220995098968          0.014751447088463255     9.299600000000003        1617.9940703037043
0.022905436618328688      0.01654682822927463      9.299600000000003        1618.0186795337704
0.023231020802768846      0.01315026242357635      9.299600000000003        1617.8479871655343
0.02415448585614517       0.011619250504756219     9.299600000000003        1617.709165750092
0.025003218272306147      0.01328587767512771      9.299600000000003        1617.7186349039364
0.026683613538924643      0.013121970282746158     9.299600000000003        1617.5764896504313
0.026036830931769315      0.015000713955569523     9.299600000000003        1617.708194981051
0.02174902732599598       0.018018679907560974     9.299600000000003        1618.1648737936227
0.023788841856525127      0.018377684120909198     9.299600000000003        1618.0231063548783
0.023951174926043584      0.020240772177908855     9.299600000000003        1618.0790777848172
0.022205825440793837      0.019768990125742944     9.299600000000003        1618.198629651972
0.023939712040430085      0.0148987793445808       9.299600000000003        1617.870803720871
0.02551192187929306       0.01793418390736721      9.299600000000003        1617.8667514752976
0.024683243860334943      0.01659639110227859      9.299600000000003        1617.882352321439
0.02646537847968602       0.01684454147639197      9.299600000000003        1617.74562639498
0.03869073891207148       0.0056412550271302455    9.299600000000003        1616.1463222516977
0.03445164209915976       0.0027615215708199966    9.299600000000003        1616.4213712375658
0.036000560631055105      0.0039038215070034705    9.299600000000003        1616.3318833753092
0.0298467203691994        0.0035241989854270126    9.299600000000003        1616.8623868526208
0.03284338700607663       0.0020009481422188103    9.299600000000003        1616.5274970346986
0.03135050873844999       8.340842219729277E-4     9.299600000000003        1616.5948879709197
0.03095511079433047       0.005033976460959703     9.299600000000003        1616.8447558360633
0.03174213435703542       0.0035293155670692512    9.299600000000003        1616.7017134048465
0.03890850899681224       0.0070910503653822555    9.299600000000003        1616.1857220453132
0.03767634004507956       0.006090561168519148     9.299600000000003        1616.267770407371
0.03712096941092207       0.00724113026893999      9.299600000000003        1616.3726397589505
0.038482619213152415      0.008369520534051376     9.299600000000003        1616.2816434886556
0.036781051651789784      0.0085352182531345       9.299600000000003        1616.4606916590344
0.040640876579208375      0.007114645745593297     9.299600000000003        1616.0068302930924
0.04178226238109843       0.007914331129818658     9.299600000000003        1615.917227095321
0.040208176824099454      0.008266080720496493     9.299600000000003        1616.0981111427338
0.027829413045407515      0.011366005934418192     9.299600000000003        1617.4053044060092
0.03811956810937486       0.009714430742399407     9.299600000000003        1616.3720905104537
0.03652390305232677       0.009862515238240437     9.299600000000003        1616.5401164626326
0.037561711531402635      0.010791688963380671     9.299600000000003        1616.4707567068301
0.009815031436391038      0.036488573242864336     9.299600000000003        1619.4486816651142
0.010277012619019048      0.044781101488327826     9.299600000000003        1619.426924144843
0.008613989177614054      0.05113482302766531      9.299600000000003        1619.3613458641996
0.00683395980042448       0.05135681017978675      9.299600000000003        1619.4272379536212
0.005658768144719144      0.04994560586412703      9.299600000000003        1619.5129511310795
0.003442105764740068      0.046957018543268024     9.299600000000003        1619.6575122993574
0.004620889683104865      0.04835690896178118      9.299600000000003        1619.5908195891025
0.006355003643752367      0.04834786745264497      9.299600000000003        1619.5323687249593
0.005101104991978808      0.051614893576325586     9.299600000000003        1619.4786711200404
0.0013702906955020927     0.042498222180044405     9.299600000000003        1619.7655541487277
-0.001460474685007481     0.042331338616661274     9.299600000000003        1619.8076871387937
-0.004369117835976264     0.04230693299347726      9.299600000000003        1619.8207895301082
-0.0036603766364080715    0.04111211486644543      9.299600000000003        1619.8251777355051
-0.002811976038516028     0.04238660014446301      9.299600000000003        1619.817048641101
-0.0036279171039534817    0.04359008543189376      9.299600000000003        1619.809438328337
8.268687219000317E-4      0.044238292534890575     9.299600000000003        1619.7602463323058
0.0010640580269690913     0.04592514247235799      9.299600000000003        1619.7306377386028
0.004028213678286996      0.050179793582291056     9.299600000000003        1619.5563689783487
0.0032965460833812446     0.05167834478367099      9.299600000000003        1619.527081142164
0.002991819216863002      0.04855531438009684      9.299600000000003        1619.6305007789406
0.002072895987119578      0.047165598496820296     9.299600000000003        1619.68572456809
0.0013735118534480611     0.04857309328526691      9.299600000000003        1619.664795115229
-0.004295132238097739     0.04701147462260503      9.299600000000003        1619.7508600016656
-0.0036293122798108464    0.045236416785633976     9.299600000000003        1619.7867692032198
-0.0021274054012583444    0.04411430831172949      9.299600000000003        1619.7972246325714
-6.434306969507866E-4     0.04366519459224977      9.299600000000003        1619.7882769786297
3.0172372153013577E-4     0.047105351313892235     9.299600000000003        1619.7191409771538
-2.155288241962792E-4     0.04874638238002508      9.299600000000003        1619.684665217081
-5.727697916345415E-4     0.04544426946115031      9.299600000000003        1619.763452613747
-0.0011075943138162902    0.047271768080430925     9.299600000000003        1619.7325222204474
-0.002029526108518475     0.04592255405982162      9.299600000000003        1619.7684822654792
0.0022849843168928335     0.050175825004090076     9.299600000000003        1619.5995382366389
0.00161722450981767       0.05181562388556703      9.299600000000003        1619.5587575783866
7.176943195023532E-4      0.050297374438971226     9.299600000000003        1619.624788895597
-0.0037701892435389557    0.03938198170399909      9.299600000000003        1619.823800957134
-0.0022935981641734925    0.040627554553767625     9.299600000000003        1619.8192733682497
-0.0029108747820954734    0.0470246594766787       9.299600000000003        1619.7496918604086
-0.0035584212338518758    0.048466203645417504     9.299600000000003        1619.7140852591217
-0.0019208440244170447    0.04851172393331163      9.299600000000003        1619.7073066098262
-0.00446871493105181      0.05001781733530336      9.299600000000003        1619.6658723429248
-0.0011244932388716278    0.05019280689551823      9.299600000000003        1619.650704948757
-1.700497008911425E-4     0.05180587742362266      9.299600000000003        1619.5863542855316
-0.0027843252226160955    0.05017546519910704      9.299600000000003        1619.6609476087876
-0.0019525675850081933    0.05180817692732077      9.299600000000003        1619.6020221593762
-0.02087943331785658      0.04383146766972334      9.299600000000003        1619.3366250926354
-0.022386538818801188     0.043184923732838554     9.299600000000003        1619.2646328246683
-0.02233539286020054      0.04509604637302652      9.299600000000003        1619.230379358388
-0.017870623709996678     0.04520506783511445      9.299600000000003        1619.4582038806022
-0.019425152283156975     0.044625813474843984     9.299600000000003        1619.3962107430207
-0.019220705987493696     0.046450082888035225     9.299600000000003        1619.3649989921869
-0.02084203532501105      0.045736116663551554     9.299600000000003        1619.2986891836608
-0.007870704271535973     0.049623198964865334     9.299600000000003        1619.6477425113096
-0.011173235947622023     0.04898538000672217      9.299600000000003        1619.6002777331398
-0.011615276755065683     0.04717538972866617      9.299600000000003        1619.639769319292
-0.00947366589379404      0.04940887366169197      9.299600000000003        1619.6262944941316
-0.0037048704804975197    0.05168121087068102      9.299600000000003        1619.6108542253576
-0.005357609727807648     0.051596272997713785     9.299600000000003        1619.6082115040801
-0.007132322481864943     0.05131561509662848      9.299600000000003        1619.6013618587576
-0.007454659571315904     0.046669194647818726     9.299600000000003        1619.735389248289
-0.012748019465836674     0.04866795845196955      9.299600000000003        1619.5653295788768
-0.013227125653005673     0.04685917612798885      9.299600000000003        1619.6002543294862
-0.014487064380200825     0.048140641587207524     9.299600000000003        1619.5226349599118
-0.014793945385460496     0.04625475675265467      9.299600000000003        1619.5611644864664
-0.010607639078671474     0.050719941865937514     9.299600000000003        1619.5587626499619
-0.012273488898434158     0.050391568828213114     9.299600000000003        1619.5256771799352
-0.03879451261366134      0.007563101021197421     9.299600000000003        1617.3158572080483
-0.03805976162943292      0.008790577612810345     9.299600000000003        1617.4392771690955
-0.038026080470750304     0.010071031243201765     9.299600000000003        1617.5080073138777
-0.04042178396376772      0.006885189848593838     9.299600000000003        1617.1470421348124
-0.03959130000043373      0.009304898241578019     9.299600000000003        1617.3433160214774
-0.04043441786881965      0.008133507469271975     9.299600000000003        1617.212872711788
-0.04174074865385533      0.007792018453279512     9.299600000000003        1617.084409230234
-0.03798570129274797      0.014551341890086474     9.299600000000003        1617.7218039624292
-0.03920105208209066      0.01604413044893891      9.299600000000003        1617.68392229475
-0.04015567384695491      0.01733348452429356      9.299600000000003        1617.6521859161837
-0.03982273842352428      0.014812216081782528     9.299600000000003        1617.5810020903482
-0.03945072330398883      0.01095246794179835      9.299600000000003        1617.4371032987854
-0.037728410198453945     0.011403493109638362     9.299600000000003        1617.5975497363415
-0.039122471544678454     0.012284213756158647     9.299600000000003        1617.5274984480313
-0.038964382434006996     0.01349591479013266      9.299600000000003        1617.5957635855239
-0.04124866523053564      0.014562327272626826     9.299600000000003        1617.4475898692092
-0.040338933668959895     0.0133299426680007       9.299600000000003        1617.4732317727219
-0.040799404920183316     0.012140849872297662     9.299600000000003        1617.3801122759132
-0.04216036504895669      0.01334791890993797      9.299600000000003        1617.3153340114054
-0.04144001709969116      0.009294232950287536     9.299600000000003        1617.1876651627083
-0.041010340378850825     0.010603717656781508     9.299600000000003        1617.2892964281316
-0.042116085443467295     0.011759502354016228     9.299600000000003        1617.2480264916055
-0.04365336978973792      0.012279652227451006     9.299600000000003        1617.133788725881
-0.04284657010003981      0.008863890768143675     9.299600000000003        1617.0433617510866
-0.04293001741550782      0.010463057950132856     9.299600000000003        1617.1147492774708
-0.04453987393307776      0.011064957446660457     9.299600000000003        1616.9972423263405
-0.045595277040307004     0.012343098103104525     9.299600000000003        1616.9570245578543
-0.03743096166212255      0.012704743285047889     9.299600000000003        1617.682889476271
-0.036521141346383526     0.013846134947061307     9.299600000000003        1617.805847832035
-0.035898204429671926     0.012957927348005969     9.299600000000003        1617.8121986781348
-0.03598870190203831      0.011711398628422997     9.299600000000003        1617.7457379468506
-0.034699931780961396     0.010864314827211643     9.299600000000003        1617.7973779806382
-0.03441566253737333      0.012411377939369875     9.299600000000003        1617.8942967917299
-0.03343180301222233      0.014137289863735612     9.299600000000003        1618.0448816823462
-0.03446992038515183      0.015245517386777374     9.299600000000003        1618.021007702506
-0.035142629697347556     0.013972948937650323     9.299600000000003        1617.9151579396982
-0.032351581600861073     0.01285230706238179      9.299600000000003        1618.057240826861
-0.031092326982744316     0.011730405986542028     9.299600000000003        1618.0825099667607
-0.03283179264849194      0.011249767705410125     9.299600000000003        1617.9456544166508
-0.03499839993334446      0.009439966941138625     9.299600000000003        1617.7024040701378
-0.03631709935577516      0.01041336035666088      9.299600000000003        1617.6565202374325
-0.043762849366074004     0.014131212231891403     9.299600000000003        1617.2036584511297
-0.045073867828582706     0.013638254957367407     9.299600000000003        1617.0615403635454
-0.0446251286359802       0.015390929778469419     9.299600000000003        1617.174552802311
-0.04615593945478843      0.015112878867673832     9.299600000000003        1617.0197411009012
-0.045697958988062976     0.01667907740624138      9.299600000000003        1617.1226601824167
-0.044019435416740846     0.016640781506699474     9.299600000000003        1617.2785883817194
-0.04501169303242267      0.018170605793435168     9.299600000000003        1617.240225311538
-0.040027367633740776     0.018960689633759357     9.299600000000003        1617.721263461792
-0.04161839976908834      0.018051673513804434     9.299600000000003        1617.5491164307293
-0.041419894126492        0.019827754834167512     9.299600000000003        1617.6264626196446
-0.04282715275961285      0.01957961867188162      9.299600000000003        1617.49034600362
-0.04112225922021928      0.01614208372644591      9.299600000000003        1617.522434854154
-0.042773425141720424     0.01521380580114371      9.299600000000003        1617.3381659815223
-0.04026455579808384      0.020912782557891987     9.299600000000003        1617.763108545256
-0.043519901027643214     0.01840775815014993      9.299600000000003        1617.3877412897111
-0.04266066367210945      0.016999939795078297     9.299600000000003        1617.4169705911272
-0.030454230742041472     0.017317774466533615     9.299600000000003        1618.3824841058565
-0.044520673611525986     0.019787541811419247     9.299600000000003        1617.3393600544189
-0.04372166678301897      0.021156663697269127     9.299600000000003        1617.4552850011733
-0.04622428027908521      0.019600217251162934     9.299600000000003        1617.1733424387014
-0.04557823535679158      0.021279255980221273     9.299600000000003        1617.285268892276
-0.027003052882899756     0.03499064098308611      9.299600000000003        1619.0352394996678
-0.024494043801488136     0.03674790730711097      9.299600000000003        1619.1959144175858
-0.025523654877023412     0.035539396615798365     9.299600000000003        1619.1311964601614
-0.026433526408990465     0.036902020814575665     9.299600000000003        1619.074683488268
-0.025355690564545664     0.038357134498735734     9.299600000000003        1619.1392118569358
-0.028535608337686105     0.029769815655898573     9.299600000000003        1618.8807625277775
-0.029836017426152026     0.03025787153245449      9.299600000000003        1618.8003166574044
-0.02718524607397781      0.030252682113007343     9.299600000000003        1618.975485386878
-0.025497754192157194     0.02994461944808286      9.299600000000003        1619.071803032486
-0.026137875849275433     0.03151468698763285      9.299600000000003        1619.059124953714
-0.026682578871856277     0.038834993975527574     9.299600000000003        1619.0503542973363
-0.02787987190447058      0.0381211876416481       9.299600000000003        1618.9734607325206
-0.02760549945688324      0.032126406248902305     9.299600000000003        1618.9745066180158
-0.02870355917163275      0.031359638939321074     9.299600000000003        1618.8927419916788
-0.03005931475881932      0.03175823161973841      9.299600000000003        1618.8034422797098
-0.029212783997696383     0.033201468947731655     9.299600000000003        1618.8759609371275
-0.02783645945958815      0.033767940781215755     9.299600000000003        1618.9738739915306
-0.03023526155567481      0.03459658042981231      9.299600000000003        1618.8099185491956
-0.02884284896523541      0.0351241751665369       9.299600000000003        1618.9110105360112
-0.02789639635815967      0.03654787913438741      9.299600000000003        1618.9774079178228
-0.029238857171404474     0.03695257595047887      9.299600000000003        1618.8824136639198
-0.030364215287771834     0.036182844092102304     9.299600000000003        1618.8018489917524
-0.031464265386879346     0.031125252068099588     9.299600000000003        1618.6944809242234
-0.032148477889913485     0.02967051003025788      9.299600000000003        1618.6246344762071
-0.03334319207542868      0.030861797887835277     9.299600000000003        1618.548185144404
-0.032524294719060654     0.03253739210197259      9.299600000000003        1618.6271778285586
-0.0339042401661151       0.03274614208844879      9.299600000000003        1618.519722426541
-0.031093983291238997     0.03310610120329083      9.299600000000003        1618.739555479091
-0.0316194195641967       0.034944449406720576     9.299600000000003        1618.707204902759
-0.03180218012122441      0.03671053672871418      9.299600000000003        1618.6921018571659
-0.03271712593516728      0.03411793775734486      9.299600000000003        1618.620363764925
-0.026805383377116656     0.04252253234424432      9.299600000000003        1618.9999119312042
-0.02527086194508509      0.04349292370790812      9.299600000000003        1619.084254758365
-0.026792333674933746     0.04435719954499535      9.299600000000003        1618.9700597617966
-0.028315210420052722     0.04343763662781702      9.299600000000003        1618.8831110343942
-0.04216425738889719      0.021240395144781633     9.299600000000003        1617.6016678223616
-0.04304596354294904      0.02265085664179309      9.299600000000003        1617.5591287118748
-0.039994916911292075     0.02258007399597862      9.299600000000003        1617.8343695586705
-0.041439308472971934     0.022436681420200257     9.299600000000003        1617.701015459905
-0.042164067102036795     0.024105056035069676     9.299600000000003        1617.6764771101018
-0.044064756793151534     0.024253891865912456     9.299600000000003        1617.50446701643
-0.03498316796327899      0.03173170918031039      9.299600000000003        1618.4247731528303
-0.0352920333824106       0.02658008300182472      9.299600000000003        1618.3263834781003
-0.0383974709917307       0.025201867299478785     9.299600000000003        1618.037876768767
-0.03716079091787986      0.02611018422692036      9.299600000000003        1618.162680206962
-0.04064416624135584      0.02407792607118539      9.299600000000003        1617.8140681230013
-0.03978961558934893      0.02515390450167922      9.299600000000003        1617.9147341360833
-0.036538615507621545     0.027784218037244433     9.299600000000003        1618.246091295993
-0.03526406543115821      0.02851741048134046      9.299600000000003        1618.3633555549927
-0.03696164653852136      0.029285312921032876     9.299600000000003        1618.2329188414694
-0.03601708945357919      0.03027550945679184      9.299600000000003        1618.324820052155
-0.033411555726299655     0.02891922496955923      9.299600000000003        1618.5169815153401
-0.03403420336885958      0.027402703223927044     9.299600000000003        1618.4422694794816
-0.034632247617754734     0.030153875404130916     9.299600000000003        1618.4373790657714
-0.010571045242306688     0.04604840148504685      9.299600000000003        1619.6930217634992
-0.011207568549245059     0.044593680776327554     9.299600000000003        1619.7063858255847
-0.016053771945023654     0.04770558726279717      9.299600000000003        1619.474802801389
-0.01766694345216396      0.04702705478655137      9.299600000000003        1619.4237915729307
-0.013665154142676184     0.045241447655536345     9.299600000000003        1619.6231274277332
-0.012301514890320187     0.045503914161392364     9.299600000000003        1619.6597339966431
-0.017349036412181922     0.04882397852619547      9.299600000000003        1619.3885186025452
-0.013985153243643661     0.04990126551220769      9.299600000000003        1619.4872934361567
-0.01568669450430142      0.04944413985201503      9.299600000000003        1619.4390718238772
-0.020595920577512045     0.047555678796704685     9.299600000000003        1619.2671990668425
-0.018984291763499847     0.048244470669161946     9.299600000000003        1619.32967807807
-0.0222134444120722       0.04687458906086267      9.299600000000003        1619.196707809873
-0.025270088814657546     0.04531148098216211      9.299600000000003        1619.0497416206124
-0.02377979254645414      0.04604002229543304      9.299600000000003        1619.1253431742537
-0.02382702921307354      0.04419194292922277      9.299600000000003        1619.1610645641088
-0.02271995830868315      0.0399604371605069       9.299600000000003        1619.286952034549
-0.023975532481269303     0.04053707349855094      9.299600000000003        1619.207772223325
-0.023812351321952103     0.04233128897458262      9.299600000000003        1619.1944544036896
-0.028196135585466894     0.04166928192292903      9.299600000000003        1618.9171700874642
-0.02798663909872106      0.039764931721371924     9.299600000000003        1618.9537399697801
-0.034213338923934924     0.03453218904245004      9.299600000000003        1618.5020285624553
-0.03542391266964019      0.033398494277178746     9.299600000000003        1618.398894868532
-0.03645878681760274      0.03203070074656721      9.299600000000003        1618.3039522618146
-0.03753699669214689      0.030834245102966354     9.299600000000003        1618.2014933643507
-0.04108217329619089      0.03165689377435764      9.299600000000003        1617.8997554760015
-0.039328630338369905     0.03126544873526652      9.299600000000003        1618.0495463438558
-0.04001159858631038      0.03295745388562946      9.299600000000003        1618.0048952338386
-0.02958864164861635      0.040601367099363815     9.299600000000003        1618.8309826184725
-0.03305413307976943      0.035700949618101566     9.299600000000003        1618.5958793872205
-0.033502714341050316     0.03752572605216416      9.299600000000003        1618.5561461842817
-0.03251820347931096      0.04032022614560833      9.299600000000003        1618.6155063684253
-0.03116306257358875      0.04146373249106968      9.299600000000003        1618.706081144346
-0.029760864861263357     0.0424248440853067       9.299600000000003        1618.796407188345
-0.030776400103572105     -0.015920768024677165    9.299600000000003        1616.2134516543813
-0.03165443679488691      -0.014630585275975456    9.299600000000003        1616.2701738460457
-0.030055172136864833     -0.0171593242989789      9.299600000000003        1616.1489591363327
-0.031706258255499234     -0.01756306059885946     9.299600000000003        1616.0218133638127
-0.03273797513567729      -0.016426905387191323    9.299600000000003        1616.0568903606668
-0.033214637607660975     -0.014467694633050709    9.299600000000003        1616.1900891475736
-0.03434939392408133      -0.015761137590250485    9.299600000000003        1616.0126037173193
-0.034863370024335864     -0.014572358080192633    9.299600000000003        1616.0772866657608
-0.03593290206894859      -0.015916829011013385    9.299600000000003        1615.8964942628347
-0.03516943984409652      -0.016888969692264933    9.299600000000003        1615.8658720183203
-0.026816047803083266     -0.00883049001865907     9.299600000000003        1616.9890831252835
-0.028840765794917695     -0.008471330067057447    9.299600000000003        1616.9140731371224
-0.026289578703071317     -0.005667644055925546    9.299600000000003        1617.2515447906326
-0.027427112245238392     -0.006946664957138613    9.299600000000003        1617.1015743436622
-0.029090012544022114     -0.003650753826247034    9.299600000000003        1617.254884918135
-0.027985827462858152     -0.004994086693480307    9.299600000000003        1617.2168626246678
-0.03029363053801383      -0.007421699440088511    9.299600000000003        1616.9139644576715
-0.029056885985618543     -0.006511149950370291    9.299600000000003        1617.0496062944915
-0.029835975338237473     -0.004904586918169746    9.299600000000003        1617.1243948569502
-0.030624511815186037     -0.00330661129879062     9.299600000000003        1617.1934460356845
-0.03319232387127703      0.0024656695091345654    9.299600000000003        1617.4208181951597
-0.03755649460131692      0.0035046853374020195    9.299600000000003        1617.1792479845442
-0.03431514024678378      0.003587289475584356     9.299600000000003        1617.415950020197
-0.03583472589483621      0.004465859030775314     9.299600000000003        1617.3631351553179
-0.03600454470205448      0.002560141091800017     9.299600000000003        1617.2352552170094
-0.03729266357828638      0.0019841566937181484    9.299600000000003        1617.10576730838
-0.029814398943255382     0.0012398575738514085    9.299600000000003        1617.547348595692
-0.03291014222767847      9.87973426092109E-4      9.299600000000003        1617.344691803665
-0.02955623504378096      -4.4818646966949714E-4   9.299600000000003        1617.4502352304326
-0.029208028721415688     -0.0021563655489305507   9.299600000000003        1617.3530457523257
-0.03130423612522369      2.6446182464107685E-4    9.299600000000003        1617.396683093216
-0.032561842093195674     -0.0028578873841014407   9.299600000000003        1617.1087288128158
-0.03278816061644003      -8.070393024982414E-4    9.299600000000003        1617.2342753451846
-0.031031812688485184     -0.001583060636072104    9.299600000000003        1617.2889563078795
-0.029232035006413623     -0.012852971792679338    9.299600000000003        1616.5499538346578
-0.029007619670186568     -0.01144230959616511     9.299600000000003        1616.6745974942264
-0.030718583591742076     -0.013347557532902827    9.299600000000003        1616.428480628804
-0.03381008221847834      -0.01311346921510442     9.299600000000003        1616.2626969324954
-0.029692012767934317     -0.010125122678381143    9.299600000000003        1616.7411621075314
-0.030716126082688203     -0.008825306309633449    9.299600000000003        1616.7840785392243
-0.030745918330832303     -0.011732598627953275    9.299600000000003        1616.55633780893
-0.03208839881436413      -0.012935577767140783    9.299600000000003        1616.3823894902127
-0.03159498208897138      -0.010308370076033446    9.299600000000003        1616.6191120088288
-0.0326383905051736       -0.011620100307433278    9.299600000000003        1616.4540734363752
-0.03331699036185288      -0.010206749726957728    9.299600000000003        1616.5226076565934
-0.03388679930196834      -0.0070644027901463555   9.299600000000003        1616.7238671613393
-0.03203104363113866      -0.007472122593420132    9.299600000000003        1616.8090867792891
-0.03353000967998065      -0.00850269443230915     9.299600000000003        1616.6393191769241
-0.03222668353004194      -0.009099671521704053    9.299600000000003        1616.6745553355852
-0.03463339207299838      0.0016961509056118847    9.299600000000003        1617.2765903014633
-0.034567554560392566     6.609394539992632E-7     9.299600000000003        1617.171714256444
-0.036363076368816895     7.982017754840184E-4     9.299600000000003        1617.0985795598447
-0.03435219080507294      -0.0018271121731499034   9.299600000000003        1617.0642933959537
-0.0361964756770964       -0.0011195408327573707   9.299600000000003        1616.9852581434045
-0.037804210061867995     -5.292062303997124E-4    9.299600000000003        1616.9073535891894
-0.04139804668875197      -2.3920460288308316E-4   9.299600000000003        1616.6443172977408
-0.04092981239219536      -0.0013252412406645042   9.299600000000003        1616.6123792221476
-0.03981347083494118      -9.585344107850647E-5    9.299600000000003        1616.7811739125257
-0.042189993323561825     -9.297285471874705E-4    9.299600000000003        1616.534503064612
-0.04278506331205879      3.5984902581887945E-4    9.299600000000003        1616.5662159900767
-0.040742037276903134     -0.00273326081156694     9.299600000000003        1616.5342914780779
-0.039393079268003464     -0.0017257040042396826   9.299600000000003        1616.707775356306
-0.03923643322605631      -0.003293315512701194    9.299600000000003        1616.6144388848286
-0.03811376615703918      9.067343543393209E-4     9.299600000000003        1616.976551741069
-0.03929969151263264      0.0031541631174597687    9.299600000000003        1617.0237613532697
-0.03957362005418105      0.001547322947859126     9.299600000000003        1616.903888376611
-0.03840341162492336      0.002165161926608842     9.299600000000003        1617.0332479398326
-0.04118326787467379      0.0010375513070349106    9.299600000000003        1616.7424179759012
-0.03422611529326517      -0.0053904016807472714   9.299600000000003        1616.8237831448794
-0.03438777518420484      -0.003566994423087346    9.299600000000003        1616.942290763983
-0.039191622857273005     -0.004754779868123627    9.299600000000003        1616.516934470175
-0.03766142424469335      -0.003962640423475745    9.299600000000003        1616.6865175177625
-0.03607262440797913      -0.0028641124952111436   9.299600000000003        1616.8761795503085
-0.03768132396038778      -0.0022606901290525196   9.299600000000003        1616.8015362893548
-0.040710694194462244     -0.004200735769876404    9.299600000000003        1616.437105929087
-0.040689720974545214     -0.005570885686974742    9.299600000000003        1616.3434100215381
-0.04222420896653375      -0.00493876356129398     9.299600000000003        1616.2640067115697
-0.04207992005816949      -0.006467159833384272    9.299600000000003        1616.1687789532089
-0.03543988786825868      -0.01331742905308285     9.299600000000003        1616.1408877686226
-0.03923363764598947      -0.006163864916698563    9.299600000000003        1616.4140989207244
-0.03469381631205639      -0.011835143030840194    9.299600000000003        1616.3076946059011
-0.036130522488715205     -0.012321230982957425    9.299600000000003        1616.1737339845683
-0.03488938516552629      -0.009870821643010246    9.299600000000003        1616.4474886631672
-0.03616225497503938      -0.01104676203797732     9.299600000000003        1616.271327958066
-0.03716437692069746      -0.012029119031500501    9.299600000000003        1616.1253057132958
-0.037816369103493445     -0.01079439995355901     9.299600000000003        1616.1749307718408
-0.03519184438716408      -0.008358973161685218    9.299600000000003        1616.5419761503706
-0.036404132077280736     -0.009704849801146706    9.299600000000003        1616.3578425116439
-0.03821142085364539      -0.009332165391078808    9.299600000000003        1616.2576256390446
-0.03654178575000869      -0.008022880950829491    9.299600000000003        1616.4747601971585
-0.03813018859068593      -0.007534318595527829    9.299600000000003        1616.3971456605336
-0.03926116617114241      -0.008473919884116362    9.299600000000003        1616.2439059845226
-0.037803551795086814     -0.005700805632207803    9.299600000000003        1616.5537333194009
-0.035389911686640116     -0.006769035413084717    9.299600000000003        1616.6463886191066
-0.036742764844673016     -0.0066243037942158795   9.299600000000003        1616.5634168550537
-0.03603453170861093      -0.005028229811847173    9.299600000000003        1616.727735327322
-0.037154316814505144     -0.013493032976040516    9.299600000000003        1616.0101486102326
-0.03654763320685338      -0.014697557121437213    9.299600000000003        1615.9549372478566
-0.0388420913046374       -0.01382974467094422     9.299600000000003        1615.8629432171238
-0.03871725400491085      -0.012376401980918508    9.299600000000003        1615.9868921772777
-0.04047534606936185      -0.008255103995275067    9.299600000000003        1616.1671938057973
-0.0398883395464758       -0.00963041109891475     9.299600000000003        1616.1101939069686
-0.03933830358628809      -0.010813538969801435    9.299600000000003        1616.0619900584777
-0.040632607825659625     -0.012016348793321053    9.299600000000003        1615.8715661521712
0.03192472058275029       -7.811744142863086E-4    9.299600000000003        1616.4583816748782
0.030040205312057984      -5.338866577664611E-4    9.299600000000003        1616.6282050369666
0.03109761593279051       -0.0019592925429364073   9.299600000000003        1616.4613257835072
0.03108890910240173       0.0022558786405833544    9.299600000000003        1616.6923621717456
0.034528912682254415      0.004497799386956223     9.299600000000003        1616.4985940813121
0.0328246772183525        0.004902510997186691     9.299600000000003        1616.6737609105714
0.03330008189615092       0.0035560791441706908    9.299600000000003        1616.5653148760155
0.03556747050890856       -0.0128929439983587      9.299600000000003        1615.4093541488455
0.03727266523078804       -0.012625605689942384    9.299600000000003        1615.2799198166304
0.03700003697893098       -0.013950335289094234    9.299600000000003        1615.2153403956015
0.03544319352611563       -0.01416184929845205     9.299600000000003        1615.3337178483323
0.036041730072696024      -0.015085604070628922    9.299600000000003        1615.2195920909214
0.037433707812816054      -0.015816041838917133    9.299600000000003        1615.0501306752778
0.03846819004665718       -0.014787909340902744    9.299600000000003        1615.030275457365
0.041060547768595974      -0.010649731510239804    9.299600000000003        1615.060057847395
0.04251686912207187       -0.010274532306562825    9.299600000000003        1614.943889759465
0.025747120669002376      -0.023082901050653117    9.299600000000003        1615.3639920803698
0.02482749727235238       -0.02417070073430543     9.299600000000003        1615.3287516306698
0.02584013883159748       -0.025838432779297652    9.299600000000003        1615.1247273319511
0.026688112551650975      -0.024551147247546517    9.299600000000003        1615.1818243637188
0.028183122020827196      -0.01802122857209851     9.299600000000003        1615.608746823173
0.028616970110558873      -0.019381275932322577    9.299600000000003        1615.4738516401474
0.027616126743362075      -0.02339014918997726     9.299600000000003        1615.2191486137056
0.029297292605781743      -0.02387465803339495     9.299600000000003        1615.0664859530195
0.029053985447412847      -0.022115599848910032    9.299600000000003        1615.2268624099513
0.030724461981261404      -0.024166787045055597    9.299600000000003        1614.943099325833
0.03019243648702918       -0.025205938505369868    9.299600000000003        1614.8941662192149
0.029768069808873615      -0.018065519638344938    9.299600000000003        1615.4938593755705
0.03350093709667206       -0.017556606931048727    9.299600000000003        1615.2504931361912
0.03404637072220369       -0.016388494815160873    9.299600000000003        1615.2920086059187
0.0322918890790681        -0.01652520535807584     9.299600000000003        1615.420363997503
0.03035559040600474       -0.02311397490958777     9.299600000000003        1615.0552638371328
0.030824416176356437      -0.021920459828390346    9.299600000000003        1615.1179193691887
0.032356127407030644      -0.01241772093944343     9.299600000000003        1615.7052093736795
0.03464335837617179       -0.015190963916767738    9.299600000000003        1615.3286428618094
0.03393195097310249       -0.01354918440584605     9.299600000000003        1615.5009190433614
0.03286949238894477       -0.015145142816650315    9.299600000000003        1615.474650648898
0.03193372528391937       -0.013895888593730206    9.299600000000003        1615.6361747309872
0.03038244501023451       -0.014083144565815475    9.299600000000003        1615.7413448298873
0.02919557576414314       -0.015187212550093983    9.299600000000003        1615.7490499144858
0.030960158966340048      -0.015367409213551746    9.299600000000003        1615.6059745199507
0.030377164127502902      -0.016655644742075426    9.299600000000003        1615.5551939971954
0.03369127913208341       -0.019790214743967076    9.299600000000003        1615.068651736535
0.034972094339263536      -0.020697958595157037    9.299600000000003        1614.8986481958384
0.03475366086942322       -0.018833694739353177    9.299600000000003        1615.0564175961267
0.0358255421419085        -0.016238863290223813    9.299600000000003        1615.156925228136
0.03519145276660952       -0.017525116161680458    9.299600000000003        1615.117070864266
0.03703477567416284       -0.01740220994775269     9.299600000000003        1614.9725425701256
0.027019146487826086      -0.02191889637649988     9.299600000000003        1615.3789211388441
0.02785072005884465       -0.020583419629905453    9.299600000000003        1615.4314366243907
0.0275698411176383        -0.025892103033070078    9.299600000000003        1615.0114662040562
0.029219984015908876      -0.026296795472905043    9.299600000000003        1614.8683785970163
0.028413272493144067      -0.024907731361500693    9.299600000000003        1615.0398887791519
0.03191395619608971       -0.023339802076333113    9.299600000000003        1614.9248965077163
0.03315103434192084       -0.024532479739131977    9.299600000000003        1614.7368199606337
0.03448432391338954       -0.024812407776058167    9.299600000000003        1614.6135290357042
0.03365768766817727       -0.02344167746281123     9.299600000000003        1614.7866403014705
0.03864240820899186       -0.017283977361049772    9.299600000000003        1614.8429052822428
0.03871154889581743       -0.013575365080830319    9.299600000000003        1615.0897299147475
0.04060316193076923       -0.011920782329968       9.299600000000003        1615.0239287798029
0.039073649479417424      -0.012254952285509164    9.299600000000003        1615.143223272133
0.040322058088667526      -0.01352698486371693     9.299600000000003        1614.9470597709826
0.040393137809935024      -0.006844101513565018    9.299600000000003        1615.349296316822
0.038849636088572004      -0.006055365973779737    9.299600000000003        1615.5412082354212
0.03876085254011607       -0.004898187722653258    9.299600000000003        1615.6151415114232
0.04031585535119057       -0.005245372063317712    9.299600000000003        1615.4468772127732
0.0410432255993791        -0.003996068588780673    9.299600000000003        1615.4438848316327
0.0459291965042762        -0.010743336444554339    9.299600000000003        1614.5844197198287
0.044053514478105245      -0.010771115139661813    9.299600000000003        1614.7656092014095
0.04549208196818962       -0.012050093616646317    9.299600000000003        1614.5503421403753
0.044887817492770904      -0.009548626651952035    9.299600000000003        1614.755243001026
0.04179682257454402       -0.007978168755950414    9.299600000000003        1615.1485519689124
0.044201292409392474      -0.012551915020203698    9.299600000000003        1614.6442065431904
0.04515452889697414       -0.01380411763688297     9.299600000000003        1614.4766768256275
0.04248813273100202       -0.002271361334695493    9.299600000000003        1615.3890490229342
0.040940969413155566      -0.0013661650505464406   9.299600000000003        1615.590815533045
0.04231722565367824       -6.603179196071923E-4    9.299600000000003        1615.486485320462
0.04068140945848725       2.8159286160817147E-4    9.299600000000003        1615.6985414505505
0.04121027034262249       0.0015747419426506938    9.299600000000003        1615.7065205414046
0.04746449784616126       -0.01035040605115595     9.299600000000003        1614.4571076500285
0.047081542187918976      -0.011856034599531147    9.299600000000003        1614.4087735336486
0.04662471376710263       -0.013410636960526834    9.299600000000003        1614.3613628585726
0.048415626387912         -0.013113878829115477    9.299600000000003        1614.211139995277
0.0502310008117209        2.424248813607984E-4     9.299600000000003        1614.7013086463319
0.04854504327613657       -4.460671273649346E-4    9.299600000000003        1614.8453394994501
0.0501394339397434        -0.001416177116293353    9.299600000000003        1614.6382420223238
0.04866950149048913       -0.002214183261296113    9.299600000000003        1614.751988785529
0.05019533892031688       -0.0032191404629263215   9.299600000000003        1614.5508064891728
0.04997125485666185       -0.004804588636233042    9.299600000000003        1614.4983214886627
0.04845219069952508       -0.0037827501171691646   9.299600000000003        1614.700184947457
0.043641827175161435      -0.0015632972094754855   9.299600000000003        1615.3061666800072
0.044152730071111826      -0.0030525124921403617   9.299600000000003        1615.1795493394468
0.04719476310140269       -0.0012221642884531845   9.299600000000003        1614.9515514291618
0.047034061568517804      5.255243114833357E-4     9.299600000000003        1615.0477027943905
0.04541621092250321       -0.001637213448052535    9.299600000000003        1615.1182976531056
0.04595607918761803       -2.9148033555457213E-4   9.299600000000003        1615.1248347203527
0.04535172904426739       0.0013974929567485746    9.299600000000003        1615.265167198004
0.04698268625354301       -0.0026764267587062926   9.299600000000003        1614.9050795643686
0.03793512570050258       -0.004188506728076794    9.299600000000003        1615.7325526304767
0.04332608612180007       -0.008993469255230811    9.299600000000003        1614.9406972979252
0.04575678023443004       -0.0033430769751794155   9.299600000000003        1614.9995686134446
0.04511514055548141       -0.004721788170598038    9.299600000000003        1614.9956524747865
0.04549079336365612       -0.006484305529020097    9.299600000000003        1614.8647817461108
0.046690105761935406      -0.005821191270349912    9.299600000000003        1614.778028146395
0.04832267240799381       -0.005423890208927357    9.299600000000003        1614.632687004332
0.04697386646804876       -0.004427097606830674    9.299600000000003        1614.8200569176158
0.04477272634194352       -0.007748820110209295    9.299600000000003        1614.8680587828055
0.04805086773663113       -0.006988193693879555    9.299600000000003        1614.5802972122235
0.04786836386848755       -0.008753607500111834    9.299600000000003        1614.5050809768445
0.046258908515522744      -0.009050881491880668    9.299600000000003        1614.647803604952
0.04659929653267938       -0.007590439525513163    9.299600000000003        1614.6937863956807
0.042380674774739314      -0.0035371093690361316   9.299600000000003        1615.3348864074962
0.04211295561171837       -0.005020921023070071    9.299600000000003        1615.2828510422632
0.041861176388910314      -0.006362450990577992    9.299600000000003        1615.2339978200305
0.043525935853307655      -0.004438431925189751    9.299600000000003        1615.1721482964647
0.04301989536690675       -0.007411419172672225    9.299600000000003        1615.0611092425088
0.043753814822128735      -0.006059332376719833    9.299600000000003        1615.0627204049379
0.035007020535544435      -0.026179200805566145    9.299600000000003        1614.4626104672807
0.03622877567938918       -0.02532796512298772     9.299600000000003        1614.437163275983
0.005101484911294357      -0.026187146179728202    9.299600000000003        1615.9389228420316
0.004716736275450322      -0.027818741078834325    9.299600000000003        1615.7936730731074
0.0032896634110733164     -0.026538917140428688    9.299600000000003        1615.9383557889823
0.0016456410621297987     -0.026626537423534363    9.299600000000003        1615.9533556650802
-1.1809031194821829E-4    -0.026660016538462457    9.299600000000003        1615.9688275880237
-0.015480747982397958     -0.021736057341368752    9.299600000000003        1616.313267467542
-0.01700261187545655      -0.020726262518008586    9.299600000000003        1616.3660678510412
-0.005041381537169056     -0.02267777613480259     9.299600000000003        1616.3550422395122
-0.007039682989325692     -0.020586433570947565    9.299600000000003        1616.535935054593
-0.009137946177314952     -0.020194648559812556    9.299600000000003        1616.5551435264658
-0.010918943538174705     -0.02050058935595939     9.299600000000003        1616.5075753024532
-0.012115695467076306     -0.021847251462289677    9.299600000000003        1616.3694169042467
-0.011673640939089514     -0.02891630252978957     9.299600000000003        1615.7124087521445
-0.009994075876159778     -0.028375764420775985    9.299600000000003        1615.7882088475687
-0.011694355886315656     -0.027316954883344794    9.299600000000003        1615.866924577226
-0.010291560485576726     -0.026321438879628217    9.299600000000003        1615.9815651249066
-0.007927661171056605     -0.02866583478622376     9.299600000000003        1615.7805385727909
-0.008490876770417695     -0.026911473166350945    9.299600000000003        1615.9446743892975
-0.006604418479136143     -0.027442556681193195    9.299600000000003        1615.9068867014887
-0.009605144088804918     -0.023394187945802565    9.299600000000003        1616.2625266518005
-0.008392313698819032     -0.022049268982142545    9.299600000000003        1616.3963135366027
-0.010209916438145802     -0.021800619550516546    9.299600000000003        1616.4003891297305
-0.009100258906547325     -0.025096294908263095    9.299600000000003        1616.1102550867274
-0.003417740219932591     -0.021901324985876578    9.299600000000003        1616.4237591652748
-0.004395834435787856     -0.025199170915661647    9.299600000000003        1616.1240905035454
-0.004015625078989699     -0.023715938859693468    9.299600000000003        1616.2607153366696
-0.0013211568960068963    -0.02166086330185046     9.299600000000003        1616.4353243512776
-3.510492391419499E-4     -0.02335874859631109     9.299600000000003        1616.2754422929665
-0.0011659624044348326    -0.02501461927639476     9.299600000000003        1616.1303230576698
-0.003876918842395695     -0.026491054959453152    9.299600000000003        1616.0028096125263
-0.0029889288979924964    -0.025103428318470896    9.299600000000003        1616.1309479952731
-0.0022113733536073587    -0.023464854724754833    9.299600000000003        1616.2784160684032
-0.0028881256219336297    -0.028117786934312203    9.299600000000003        1615.8461707092354
-0.0020812183396443527    -0.030019375916480535    9.299600000000003        1615.6589661998348
-9.965168384617822E-4     -0.02819127083833681     9.299600000000003        1615.8302261352057
-0.002052830517577638     -0.026608402203866174    9.299600000000003        1615.9866525986224
-0.005518242554218378     -0.02610713839686426     9.299600000000003        1616.0376804807036
0.00279130833970817       -0.028044747741446444    9.299600000000003        1615.8040846040685
0.0040376744168432645     -0.029448232015179193    9.299600000000003        1615.6502037693401
9.632475032458931E-4      -0.028205048218769468    9.299600000000003        1615.8118786597543
0.0034485729475162282     -0.03116534917809643     9.299600000000003        1615.4924848124144
0.00199511498407043       -0.029981930822624996    9.299600000000003        1615.628534133099
2.7994858021708926E-5     -0.029733175427444223    9.299600000000003        1615.6735064209308
0.0018755956819632134     -0.03341993700222757     9.299600000000003        1615.288942958865
0.0019166318038250467     -0.03187783655168877     9.299600000000003        1615.443027767854
3.152271818060542E-4      -0.03289943961056805     9.299600000000003        1615.357404876837
6.68162057476481E-4       -0.031155573826664038    9.299600000000003        1615.528174851973
-0.013879690424212223     -0.02277507361309372     9.299600000000003        1616.2534809908245
-0.010833340721402258     -0.024485057206072906    9.299600000000003        1616.146873743054
-0.01230908321890118      -0.023680688801019503    9.299600000000003        1616.1990692528632
-0.010987279590754467     -0.023088272923085223    9.299600000000003        1616.2735247220037
-0.013700002597748012     -0.024693417835596202    9.299600000000003        1616.0799844831688
-0.0120494927024814       -0.025506242523960353    9.299600000000003        1616.033343025645
-0.018199753209696107     -0.0294719954604549      9.299600000000003        1615.5123517835511
-0.018203998620952667     -0.02779787557209327     9.299600000000003        1615.6754196836425
-0.0196026977687799       -0.028807141223783875    9.299600000000003        1615.53476912047
0.009932871343331864      -0.02835976112422615     9.299600000000003        1615.618365169998
0.004868574152329762      -0.030774600850543905    9.299600000000003        1615.5069174600544
0.007967711199721698      -0.02863888404405498     9.299600000000003        1615.6452419386608
0.008967864936764965      -0.029845599233986445    9.299600000000003        1615.5043570836526
0.01035611386576127       -0.030201315660368867    9.299600000000003        1615.4311422823432
0.007616508579249059      -0.030418519017547854    9.299600000000003        1615.483493619944
0.006024449274660098      -0.02944520132204022     9.299600000000003        1615.6130004916215
0.011752528575545141      -0.027306279529563614    9.299600000000003        1615.659946753195
0.01164517315208592       -0.02912243436959231     9.299600000000003        1615.493878768547
0.012914946750510171      -0.02837835066293996     9.299600000000003        1615.5208158945625
0.00758721351931335       -0.03231242828375766     9.299600000000003        1615.298995035322
0.008853819578665769      -0.033474606465195296    9.299600000000003        1615.1523568351986
0.009110364561670565      -0.031608618986217064    9.299600000000003        1615.329928931627
0.011865452382842073      -0.03100244037484017     9.299600000000003        1615.307375773479
0.010721286133102668      -0.03170709415391224     9.299600000000003        1615.2747027314538
0.010261732891379277      -0.03473481593613005     9.299600000000003        1614.9878574079232
0.011664907872164036      -0.03424251285304468     9.299600000000003        1614.9955632845538
0.010198432928785429      -0.03300426357603221     9.299600000000003        1615.162567534269
0.011918968076134717      -0.03270569286264256     9.299600000000003        1615.139853173164
0.014832742045308586      -0.0330555730612818      9.299600000000003        1615.003882238966
0.013251934835711078      -0.03196152495825328     9.299600000000003        1615.1679270113227
0.013551715161551329      -0.03391928335458608     9.299600000000003        1614.9653500959016
0.007409306656240597      -0.03401632945615141     9.299600000000003        1615.1331218408193
0.008850843138224894      -0.03546863766948631     9.299600000000003        1614.9512949998857
0.0191583171307562        -0.0392235671605419      9.299600000000003        1614.2101518590234
0.0206855260702354        -0.03901522599445658     9.299600000000003        1614.162873042242
0.019314416315675455      -0.0376840707128304      9.299600000000003        1614.3590067439316
0.017996842321978384      -0.03856340651556351     9.299600000000003        1614.3267731870362
0.028478110557940646      -0.027400858967611887    9.299600000000003        1614.8225008218672
0.03353827709258787       -0.02593470869572377     9.299600000000003        1614.593127334352
0.03184237578179375       -0.02521453868227819     9.299600000000003        1614.776778352098
0.020568026052245114      -0.03710196252166674     9.299600000000003        1614.360014815942
0.01930775519525359       -0.03573817327035715     9.299600000000003        1614.5535815573842
0.020108406128716703      -0.03401565245765405     9.299600000000003        1614.685413495485
0.02076459836803658       -0.03560733492340162     9.299600000000003        1614.4985823136578
0.02168768654532547       -0.03480507838844769     9.299600000000003        1614.5317980888615
0.025385041159647733      -0.032494209328264335    9.299600000000003        1614.5533564394602
0.02392751117564203       -0.0328034901011578      9.299600000000003        1614.6061767005845
0.025376667344014735      -0.03397586623881028     9.299600000000003        1614.414558655856
0.02280145778433988       -0.03402672983859235     9.299600000000003        1614.550058007156
0.021204680575451527      -0.03313625926556711     9.299600000000003        1614.7169723325978
0.022334453688451092      -0.03233891716297202     9.299600000000003        1614.7352907476377
0.02076736380967173       -0.031564549323491196    9.299600000000003        1614.888183893441
0.02450196235533009       -0.031006752571470314    9.299600000000003        1614.7418845984362
0.02187331882830662       -0.030833552516504062    9.299600000000003        1614.900648063917
0.02312426891529965       -0.031471371954013866    9.299600000000003        1614.7749238017145
0.023074197109758755      -0.030390233849471624    9.299600000000003        1614.8780014009453
0.022082583957710896      -0.02907281152812791     9.299600000000003        1615.0520821621083
0.023824684292348026      -0.029385600115396867    9.299600000000003        1614.9286195814684
0.022401878692539397      -0.026354069799524458    9.299600000000003        1615.27879245188
0.02421960350395709       -0.02689259067899844     9.299600000000003        1615.1292717812742
0.023126021902020143      -0.027912260360078472    9.299600000000003        1615.1005390184107
0.020371517324434554      -0.029893101131546213    9.299600000000003        1615.0641629198592
0.030185974321858478      -0.027740456825769713    9.299600000000003        1614.679258688621
0.029519256833488203      -0.028761865038571612    9.299600000000003        1614.6352236761225
0.03100455279419028       -0.026633975741595088    9.299600000000003        1614.7173889146104
0.03262496423671251       -0.026915825203618356    9.299600000000003        1614.578361977986
0.02481582927775111       -0.028464426690202105    9.299600000000003        1614.955072624919
0.02695877180917974       -0.026983414312861793    9.299600000000003        1614.9561180065891
0.0258326522806728        -0.02758981903053844     9.299600000000003        1614.972409507833
0.02973056461728865       -0.03024219046138715     9.299600000000003        1614.4905796129003
0.028147123417967414      -0.02928968564990409     9.299600000000003        1614.6779350453303
0.028699003688274362      -0.03114873747989601     9.299600000000003        1614.4761299047657
0.026174351877247107      -0.03155401971259573     9.299600000000003        1614.5944402344894
0.026460166675213448      -0.029091252628104518    9.299600000000003        1614.8008955803043
0.027151104848819656      -0.030617795213467153    9.299600000000003        1614.621037283412
0.02761463221355487       -0.03232094838778        9.299600000000003        1614.437014819958
0.025468876362793172      -0.030049304606366033    9.299600000000003        1614.7738100616373
0.02715602728447402       -0.028068647645102186    9.299600000000003        1614.8486871974737
0.02893922557231456       -0.03267091988983599     9.299600000000003        1614.3225780319817
0.028168107493640508      -0.03409079273980786     9.299600000000003        1614.2394915031125
0.010511995283852642      -0.03986990048539479     9.299600000000003        1614.4504090009307
0.011390215632554556      -0.0409479764269945      9.299600000000003        1614.3116818499495
0.011631587034383653      -0.039345079932642676    9.299600000000003        1614.4736108393006
0.012866794086861784      -0.03555753080449729     9.299600000000003        1614.8247427936838
0.011598906846009997      -0.03595483032165298     9.299600000000003        1614.8249061508723
0.010341769403595637      -0.038147345364145095    9.299600000000003        1614.6357337622628
0.011618322750528293      -0.037588937423876576    9.299600000000003        1614.6567781463893
0.012621820779124571      -0.04061597019270453     9.299600000000003        1614.3099159252422
0.013882100186322353      -0.03649122824898023     9.299600000000003        1614.6956088076267
0.012902899665707153      -0.03712279591348846     9.299600000000003        1614.664274063157
0.012904874660654531      -0.03887642115609251     9.299600000000003        1614.483098359611
0.01776686387966411       -0.03505762008264613     9.299600000000003        1614.6887506009914
0.01802036907465822       -0.036749573602485104    9.299600000000003        1614.5092552294102
0.014138312762877418      -0.035445959926745936    9.299600000000003        1614.792219413528
0.016574166455531128      -0.035699280081260006    9.299600000000003        1614.6743667054923
0.014310822408326077      -0.03800394901070024     9.299600000000003        1614.5259300911982
0.015361315620915913      -0.03641220594999321     9.299600000000003        1614.649942934622
0.01679970495547502       -0.03739439153226909     9.299600000000003        1614.4945574182855
0.015773005556937916      -0.03804330664650883     9.299600000000003        1614.468450551661
0.01511173730587381       -0.03468471533823519     9.299600000000003        1614.8326017194893
0.016320772732266935      -0.03405310894631738     9.299600000000003        1614.8479319730704
0.01407000212223142       -0.03990903021390093     9.299600000000003        1614.3368300279053
0.02660036078760744       -0.03310732089625285     9.299600000000003        1614.4252674738148
0.02676541511693131       -0.03458290505006609     9.299600000000003        1614.2771982674262
0.02933796418970744       -0.03857918230327462     9.299600000000003        1613.7516611008994
0.027927130553094932      -0.03781642697805969     9.299600000000003        1613.904001239756
0.027986980017595024      -0.03959542760235539     9.299600000000003        1613.733027863261
0.027691696510174703      -0.03593669970015301     9.299600000000003        1614.0951641551383
0.024209712609396684      -0.03472897254969434     9.299600000000003        1614.4076006229313
0.026590379277449762      -0.03895522916889111     9.299600000000003        1613.8703445178637
0.02666012576340236       -0.037328677730000565    9.299600000000003        1614.022294298443
0.025743640887139523      -0.03590834131842748     9.299600000000003        1614.2098032545434
0.024254323416727307      -0.03631567212014887     9.299600000000003        1614.2521455525682
0.021942463871758168      -0.036431061809989215    9.299600000000003        1614.3600713577089
0.02302015749646953       -0.0358069875555586      9.299600000000003        1614.3665071883686
0.02135649594166494       -0.04062999983008444     9.299600000000003        1613.9692395524846
0.022530333327258623      -0.03933858179774105     9.299600000000003        1614.0429810770158
0.023331420080591678      -0.03755690954330318     9.299600000000003        1614.1792375676414
0.02513658110462737       -0.037840363724794004    9.299600000000003        1614.0567402261622
0.025329834722152535      -0.039675135166151954    9.299600000000003        1613.8681520474513
0.02184880838532093       -0.03781498354258015     9.299600000000003        1614.2278068297078
0.024050418492737258      -0.03909379981966897     9.299600000000003        1613.9912045348558
-0.043596035592106945     0.007555047057185769     9.299600000000003        1616.9094998242313
-0.042043289560702926     0.006496742684129425     9.299600000000003        1616.9890717853852
-0.04334630676258922      0.005929099697737618     9.299600000000003        1616.8446253823104
-0.0405927739325886       0.005509512870724529     9.299600000000003        1617.0566132434824
-0.044398413020622904     0.009337893138549266     9.299600000000003        1616.9275737525693
-0.04582893751873191      0.010534935421134092     9.299600000000003        1616.8529766761596
-0.04521504078092116      0.008098176860628664     9.299600000000003        1616.7907993779447
-0.04495030738767348      0.00628393767999408      9.299600000000003        1616.7202095355099
-0.047488443624259614     0.010404394027864337     9.299600000000003        1616.6909934041867
-0.049247058158473404     0.009924010499456617     9.299600000000003        1616.5030461532617
-0.047781701007609416     0.008766450087211039     9.299600000000003        1616.5849273531655
-0.04647267848904968      0.007483690277780606     9.299600000000003        1616.643115083338
-0.04681072361909351      0.006110880982861932     9.299600000000003        1616.5399502755188
-0.04626518801644336      0.009270729574454904     9.299600000000003        1616.7517689950407
-0.04815395620805988      0.0071673301474201815    9.299600000000003        1616.469766964207
-0.04565393263022355      0.005001135894856973     9.299600000000003        1616.5863846156867
-0.04686873602418938      0.00436510729852475      9.299600000000003        1616.4396349544988
-0.045405935422865085     0.003261854580284451     9.299600000000003        1616.510729615968
-0.04397060363341452      0.004683642057938744     9.299600000000003        1616.7202376882346
-0.042558342302194664     0.0019999905081235685    9.299600000000003        1616.6863869243853
-0.0442952926334413       0.00175385852449964      9.299600000000003        1616.5209793722336
-0.04370434400094501      0.0030172319191533008    9.299600000000003        1616.6479563493522
-0.04448652569625638      7.45305862592583E-5      9.299600000000003        1616.4014460485773
-0.04576459241648712      6.994531772644164E-4     9.299600000000003        1616.3265601498513
-0.04227243697571741      -0.002151905258734009    9.299600000000003        1616.44807701782
-0.04227678831747057      -0.003613118996444844    9.299600000000003        1616.3502634598287
-0.04345457684271809      -0.002820108826541022    9.299600000000003        1616.3046781705168
-0.043706010965588994     -0.001247113806328914    9.299600000000003        1616.3856969308983
-0.045429914089041415     -9.432494500401429E-4    9.299600000000003        1616.2545885693905
-0.04519819481170068      -0.0026908226509548532   9.299600000000003        1616.1628446772797
-0.0469269961082404       -0.001790395217306928    9.299600000000003        1616.0677166881521
-0.04710163169428016      0.002966956101307936     9.299600000000003        1616.3392475111893
-0.04607531385833628      0.001975717500009163     9.299600000000003        1616.3751016974006
-0.04717826998134398      0.0013628049871367137    9.299600000000003        1616.2386433862002
-0.04704321615566038      -1.8464407868307641E-4   9.299600000000003        1616.1573770687935
-0.048590710309302634     5.891157528623985E-4     9.299600000000003        1616.063681948355
-0.048664642374461685     -0.0025953862362128022   9.299600000000003        1615.861112387659
-0.04865627126207594      -0.0010100274312294444   9.299600000000003        1615.960838253418
-0.050261975910204405     -0.00180811067043563     9.299600000000003        1615.7683178702634
-0.015274459237134393     -0.02549786485534031     9.299600000000003        1615.9710865106388
-0.015344696214565167     -0.023648802563777202    9.299600000000003        1616.1418545563727
-0.016629313497866515     -0.028383091086575295    9.299600000000003        1615.6618838565626
-0.01680406283659732      -0.026493219841897012    9.299600000000003        1615.839245425923
-0.015466298513436217     -0.027070545812790104    9.299600000000003        1615.8172028037584
-0.016993198581241032     -0.022633806400051144    9.299600000000003        1616.1941649332073
-0.017194328249223033     -0.02467142279054492     9.299600000000003        1616.0007104325252
-0.018452204166525474     -0.021347852299082145    9.299600000000003        1616.2697416153771
-0.01857429046443037      -0.023211243320435386    9.299600000000003        1616.0967533617552
-0.020366257097609582     -0.022124043460418553    9.299600000000003        1616.139112991587
-0.018449625346479405     -0.026091022232522135    9.299600000000003        1615.8316234131714
-0.018980725033848234     -0.02474925625944133     9.299600000000003        1615.941945649354
-0.025905321658867973     -0.01769305028315741     9.299600000000003        1616.3111628165905
-0.02021709892142551      -0.02398872833030182     9.299600000000003        1615.9731475890096
-0.021799175244638532     -0.023374800124551842    9.299600000000003        1615.9744952195233
-0.022154668513957726     -0.02197130813052359     9.299600000000003        1616.089388006885
-0.023281802153744036     -0.02104557872779439     9.299600000000003        1616.1291606895547
-0.02362787032887508      -0.022902386892195613    9.299600000000003        1615.9472857959283
-0.019473491048558333     -0.01821231732084956     9.299600000000003        1616.5152859910304
-0.021549732264800704     -0.02049849342026381     9.299600000000003        1616.2438691109157
-0.019810821154686836     -0.02014416982332505     9.299600000000003        1616.3350665396292
-0.02112066144436328      -0.018682271280578772    9.299600000000003        1616.4191885087382
-0.021921023784874472     -0.0154517813634123      9.299600000000003        1616.666345119854
-0.023465974935852382     -0.015652718728888994    9.299600000000003        1616.589547296712
-0.02409749870721359      -0.01741776750787002     9.299600000000003        1616.4138001730187
-0.023160104834565712     -0.019180494542287867    9.299600000000003        1616.2991768496893
-0.024744082440956716     -0.02021929420274016     9.299600000000003        1616.1421728617381
-0.024894362055561482     -0.01878356988641475     9.299600000000003        1616.2618142073916
-0.022408712606759557     -0.01725902575026201     9.299600000000003        1616.494866681369
-0.021782303391789003     -0.02508469811887167     9.299600000000003        1615.8163467200982
-0.02863796330696605      -0.01737853097974801     9.299600000000003        1616.2053960719034
-0.027721080837259254     -0.018342985110141666    9.299600000000003        1616.168813357827
-0.026507865015801605     -0.01951809760924623     9.299600000000003        1616.1248293978513
-0.026031955840178856     -0.02108895532491108     9.299600000000003        1616.0076900786187
-0.029369450919790638     -0.018754678711894072    9.299600000000003        1616.0488363592851
-0.028329901489829584     -0.019929958631361818    9.299600000000003        1615.9999428616663
-0.030246253708001405     -0.020674891221995017    9.299600000000003        1615.8335864754756
-0.027486708738626943     -0.021063653403981204    9.299600000000003        1615.9413265190813
-0.029044815132563087     -0.02165296371807775     9.299600000000003        1615.810301123496
-0.03057890319867893      -0.022316482870039966    9.299600000000003        1615.668860047822
-0.029694843804552087     -0.023347782062303143    9.299600000000003        1615.623002672812
-0.031521492636034334     -0.021521953881625405    9.299600000000003        1615.687416887277
-0.03191426187613709      -0.020273154062781597    9.299600000000003        1615.775368449634
-0.0325874523461541       -0.021519369996414805    9.299600000000003        1615.625943057299
-0.0334925917920201       -0.020650354740802727    9.299600000000003        1615.6485303888278
-0.02463733767397014      -0.029158230305399335    9.299600000000003        1615.3143293405458
-0.02491751118167256      -0.030671930998585163    9.299600000000003        1615.1538682218345
-0.023472349623397875     -0.029672170719900037    9.299600000000003        1615.3115871098407
-0.025665161019676246     -0.029423410614008803    9.299600000000003        1615.2442852978425
-0.023606666754700557     -0.027957350800508717    9.299600000000003        1615.4731442034993
-0.023289391911372175     -0.02588640072842832     9.299600000000003        1615.6835257777018
-0.024379025594878718     -0.024553138303244657    9.299600000000003        1615.7640854884237
-0.02481148240544598      -0.026387016113203484    9.299600000000003        1615.57352423413
-0.02534845992960902      -0.028060398226367456    9.299600000000003        1615.3903735715621
-0.022261814750572602     -0.028682299550361966    9.299600000000003        1615.454918701523
0.028474279512496453      0.013125718535726087     9.299600000000003        1617.4257349238103
0.027681925024947096      0.014326190649138024     9.299600000000003        1617.5429897867798
0.027775578982985518      0.015771509939294874     9.299600000000003        1617.5922692792883
0.027131647502756973      0.018599922569833165     9.299600000000003        1617.7533716275086
0.025407025636446565      0.019377477126739824     9.299600000000003        1617.9285029818514
0.02670640137753585       0.02019288341206271      9.299600000000003        1617.8457264988378
0.022856117004722662      0.02120679189883768      9.299600000000003        1618.2006070914604
0.024378711476397284      0.022085340211350033     9.299600000000003        1618.1072855676061
0.022563292895574127      0.022639174327255963     9.299600000000003        1618.2727509407925
0.025658400803437082      0.021063465489429663     9.299600000000003        1617.9655406237425
0.02259620380345032       0.024329812521483998     9.299600000000003        1618.3243527043799
0.023736487049611725      0.023611003631989615     9.299600000000003        1618.2092673683962
0.025134252251969746      0.023682257194821144     9.299600000000003        1618.093412665702
0.024118752089422088      0.02509643483086471      9.299600000000003        1618.2214969033441
0.022886106476757574      0.026001884241445384     9.299600000000003        1618.3499102960307
0.023383396072358047      0.029660301582367668     9.299600000000003        1618.397893717529
0.02478039177702852       0.03057632358808549      9.299600000000003        1618.2924204837602
0.02317059609869318       0.02793861863824311      9.299600000000003        1618.376888374516
0.024420230910269854      0.028873898063531907     9.299600000000003        1618.290555235779
0.024502535906516316      0.027074604709395454     9.299600000000003        1618.2413229549402
0.017343622564329284      0.0453509547436294       9.299600000000003        1618.9669159861833
0.018997110660685847      0.044857489617328654     9.299600000000003        1618.8447696756732
0.020393830717689337      0.04409797825216725      9.299600000000003        1618.7388136223647
0.01877274344247229       0.04659622262122389      9.299600000000003        1618.8360847692577
0.020474027842931036      0.04593033753736292      9.299600000000003        1618.7076290753432
0.023492485245382375      0.04446483684780863      9.299600000000003        1618.4602630065312
0.02193260999575033       0.043438011033509444     9.299600000000003        1618.6123095700648
0.02187503604571251       0.04517915592694143      9.299600000000003        1618.59740798096
0.023392046337479953      0.046212044833571636     9.299600000000003        1618.448820987107
0.026146322203337596      0.04095454914750409      9.299600000000003        1618.2332916127623
0.02646161112953237       0.04280449523141132      9.299600000000003        1618.1915835155762
0.02563287289758432       0.025564258602285672     9.299600000000003        1618.1029016497432
0.026716293621253814      0.02454197512642597      9.299600000000003        1617.9779975759866
0.028092674026966736      0.02533202954719203      9.299600000000003        1617.871004088687
0.027160600971680517      0.02622884580005885      9.299600000000003        1617.9806679498126
0.025926176954382988      0.02986579991551238      9.299600000000003        1618.1740910429687
0.026249111258492143      0.027245691164125882     9.299600000000003        1618.0891272688893
0.025587612890163064      0.028309485583753406     9.299600000000003        1618.1735606353443
0.02507004626046921       0.032376776086191814     9.299600000000003        1618.2953439669598
0.026191664373375303      0.03159482567234198      9.299600000000003        1618.1785368547635
0.02667680770545823       0.033110307409301196     9.299600000000003        1618.1523901619728
0.027771827343773314      0.041884556945053296     9.299600000000003        1618.0659567042242
0.028008674873201723      0.04363109224916807      9.299600000000003        1618.0327201275177
0.027249042007968478      0.03095982874744572      9.299600000000003        1618.0672132295078
0.027647060457267315      0.03226109892821803      9.299600000000003        1618.046749426305
0.02873881235277603       0.03121781484243958      9.299600000000003        1617.923657664893
0.029661007881567725      0.03020158454596017      9.299600000000003        1617.8151809714439
0.03051813659984546       0.031924378099247724     9.299600000000003        1617.749595800435
0.028309304350153757      0.03399281762346253      9.299600000000003        1617.9992169000966
0.029050026991610297      0.032668647305048114     9.299600000000003        1617.9103537982323
0.03025455878214824       0.03382672659358252      9.299600000000003        1617.7962310369478
0.0318774257218595        0.033127247871536036     9.299600000000003        1617.6167870549655
0.032537271086010455      0.03178773777843767      9.299600000000003        1617.5321785220451
0.033408738795802216      0.033388773122626794     9.299600000000003        1617.4513301034756
0.025341188600025648      0.033957813549502655     9.299600000000003        1618.2899980673972
0.026781758336932613      0.034487769140506365     9.299600000000003        1618.1563736804978
0.0228181308583646        0.03934192994385011      9.299600000000003        1618.5536075691327
0.024545896236684368      0.03882589599446037      9.299600000000003        1618.3931969535215
0.02346758096270623       0.03749862844450881      9.299600000000003        1618.491008549672
0.020864622824643655      0.03891394210007307      9.299600000000003        1618.7249147492053
0.02192878146146836       0.03778729679716794      9.299600000000003        1618.629964227114
0.02497927242999858       0.045415072863461546     9.299600000000003        1618.3119289101824
0.026531172041639062      0.04452900957716286      9.299600000000003        1618.1717741486739
0.024874545518436826      0.04367132118815638      9.299600000000003        1618.3386433262788
0.027522436427752307      0.040083965175062894     9.299600000000003        1618.0983256618354
0.029214259982742186      0.040913806743013634     9.299600000000003        1617.9218209311805
0.02881246799966151       0.03906573238411965      9.299600000000003        1617.9672126739695
0.026027227230698155      0.03935515449219746      9.299600000000003        1618.2495038302202
0.025400462787345424      0.037592381902586305     9.299600000000003        1618.3093552345288
0.024386070671492902      0.03629874662025875      9.299600000000003        1618.3999074027556
0.027901351622976422      0.03589187140185449      9.299600000000003        1618.0542826090532
0.029571363631199204      0.03516634028865023      9.299600000000003        1617.877695989618
0.029666930409032354      0.03652194246953256      9.299600000000003        1617.8741536888554
0.028652337573843296      0.037580409233082854     9.299600000000003        1617.9831234529838
0.02592303498251124       0.03575936048869902      9.299600000000003        1618.2500849276366
0.02710382011258889       0.03848253627189252      9.299600000000003        1618.1425626643565
0.02710545070463659       0.037105162428258044     9.299600000000003        1618.1399059751295
0.024269459894587904      0.034821953032672444     9.299600000000003        1618.3989409539472
0.023037926745150265      0.035720255665382075     9.299600000000003        1618.5189110592607
0.02284073517245352       0.03436890718940889      9.299600000000003        1618.5228780699679
0.01932279259611793       0.039273584631604505     9.299600000000003        1618.8530740108577
0.020124558902144058      0.04074108902715047      9.299600000000003        1618.7860994820383
0.020495267117300913      0.042561257223282176     9.299600000000003        1618.7450479207266
0.021716378311888263      0.041819136018505294     9.299600000000003        1618.6444007513921
0.021875083313613566      0.04045109240311575      9.299600000000003        1618.6364063303092
0.017290943188978662      0.047245083828596976     9.299600000000003        1618.938531404984
0.01866730077244107       0.04838287012270787      9.299600000000003        1618.81189163231
0.016976911586187186      0.048949389054101546     9.299600000000003        1618.9271879579544
0.015423224257818837      0.049523692229126816     9.299600000000003        1619.0230728780732
0.013649663800952996      0.04997179196573055      9.299600000000003        1619.1269048849533
0.020258503118173295      0.04768552751234632      9.299600000000003        1618.697340550885
0.02194698342898878       0.04699162849973889      9.299600000000003        1618.5658640755935
0.040287458969115966      0.005733170413369988     9.299600000000003        1615.9866823101272
0.04192568489065073       0.006407633595109451     9.299600000000003        1615.8424534031926
0.043118518572243046      0.007355451381908146     9.299600000000003        1615.7517740897574
0.04075772973734919       0.004203275794705725     9.299600000000003        1615.872115307049
0.04204559115620674       0.005048934214146723     9.299600000000003        1615.7737929902185
0.04418128223705156       -1.0678007018083153E-4   9.299600000000003        1615.3199700780879
0.042412778756530704      7.014148412032169E-4     9.299600000000003        1615.5418679895813
0.04371688984774313       0.0014710224781382193    9.299600000000003        1615.441429703304
0.042460388261985706      0.002209313249329163     9.299600000000003        1615.6064832624022
0.042425531589603875      0.003470767410897536     9.299600000000003        1615.6661786871912
0.043417100230509084      0.004339797244804063     9.299600000000003        1615.5983904118052
0.04414489797838285       0.0029067366207577642    9.299600000000003        1615.4597241009662
0.045819658118438356      0.002817552610020056     9.299600000000003        1615.276744386219
0.04521083444065844       0.0044987636299627775    9.299600000000003        1615.4121899136044
0.04557880927340092       0.0058880553596974425    9.299600000000003        1615.4274789488566
0.046568484228652         0.0068509019645636195    9.299600000000003        1615.3558514756198
0.04474589930361454       0.007500162327255996     9.299600000000003        1615.5799082952085
0.04646831195750521       0.008252965659267232     9.299600000000003        1615.4178532056046
0.043349629714541066      0.008829958205221599     9.299600000000003        1615.781848038174
0.04502867451733264       0.008963480621039516     9.299600000000003        1615.6020009804254
0.04598035025644384       0.009940632137323631     9.299600000000003        1615.5303069733566
0.04378951361424251       0.0058566740281095235    9.299600000000003        1615.6205063306202
0.03609075366281221       0.005819435656892985     9.299600000000003        1616.4115696219944
0.0355228265299108        0.007280180073417257     9.299600000000003        1616.531138007758
0.034224885343936         0.012006713947045531     9.299600000000003        1616.8516487117743
0.0330021263223919        0.010544326159068147     9.299600000000003        1616.9102041848785
0.03495217387871072       0.010623480868232438     9.299600000000003        1616.7262090566874
0.03516969630989859       0.008742782168311813     9.299600000000003        1616.627951516408
0.034120357674773484      0.006024959160752351     9.299600000000003        1616.6080369271892
0.03227608896071861       0.006414864658972171     9.299600000000003        1616.794824624261
0.03376684122071471       0.007389713835343064     9.299600000000003        1616.7028628550297
0.033606296192174874      0.009125419795220866     9.299600000000003        1616.7936930216372
0.03251413548254276       0.008013031019144582     9.299600000000003        1616.846403014088
0.027047220296988406      0.007964073023360408     9.299600000000003        1617.312004201519
0.028207301272423886      0.00939715509831221      9.299600000000003        1617.2851764318511
0.029662289748553693      0.011890098455845722     9.299600000000003        1617.2705508486715
0.02937265604738573       0.010470811219840542     9.299600000000003        1617.2346953726167
0.030499835388483377      0.006418852333603865     9.299600000000003        1616.9512334039807
0.02910285974214977       0.007509616305606401     9.299600000000003        1617.1220545606063
0.03098109791252978       0.007782792063302253     9.299600000000003        1616.9734126667843
0.030000830629634278      0.009158421155785449     9.299600000000003        1617.1218113329576
0.03112977780898803       0.012333894825225162     9.299600000000003        1617.1571997735139
0.03111430016177665       0.010695498944997321     9.299600000000003        1617.0905476309167
0.031890782226625586      0.009245779922716243     9.299600000000003        1616.9577052188813
0.030332999939721363      0.013483495208448782     9.299600000000003        1617.2758603501932
0.029389961046649874      0.014775453129325699     9.299600000000003        1617.4114988036124
0.02917622084804313       0.016412309531628703     9.299600000000003        1617.4926662137525
0.030577940428314992      0.01612402031689291      9.299600000000003        1617.3536500118105
0.03245435752378667       0.011853769058688415     9.299600000000003        1617.0150682898436
0.028257293245805244      0.01741996726028886      9.299600000000003        1617.6118480780026
0.029009049021781096      0.01894195923755045      9.299600000000003        1617.5971973492615
0.04768780031958239       0.009272472065887449     9.299600000000003        1615.3189145534782
0.047994697854024125      0.0076535990136718385    9.299600000000003        1615.2290486430995
0.049442559214329704      0.008695468342128233     9.299600000000003        1615.1089826876578
0.0391494313071273        0.011095659406917273     9.299600000000003        1616.3165884297557
0.04420982325037676       0.010520378950626071     9.299600000000003        1615.7465964072671
0.03929876969886631       0.012518190717526845     9.299600000000003        1616.3510563219481
0.04075418488474548       0.011997478519434153     9.299600000000003        1616.1765316942947
0.039830562115889         0.00959124431121357      9.299600000000003        1616.188897131368
0.04155089042403925       0.009150750119687957     9.299600000000003        1615.9889412134305
0.04097246613539643       0.010708688999933155     9.299600000000003        1616.1079709231942
0.04242375381788342       0.010155174745746525     9.299600000000003        1615.9307022821986
0.04257342323003076       0.011664042064741332     9.299600000000003        1615.9661532278794
0.041757964102307914      0.013025568280925413     9.299600000000003        1616.1007628177056
0.03651287952078138       0.011115163042529139     9.299600000000003        1616.5900179529312
0.03130503042003262       0.014868639284917056     9.299600000000003        1617.2396189463345
0.032320985774670435      0.016533489953313614     9.299600000000003        1617.2023437727328
0.03206701187389149       0.01356475394015429      9.299600000000003        1617.1186991362483
0.033625401484841326      0.013436782329263595     9.299600000000003        1616.9644550681826
0.033192512739858196      0.015207258704983788     9.299600000000003        1617.0711335255348
0.03760455467472271       0.012253334189117835     9.299600000000003        1616.5202512136657
0.03580651978398229       0.012184036257444745     9.299600000000003        1616.7016432888959
0.03700500600122421       0.013483760059153362     9.299600000000003        1616.6260286863615
0.036461931153361424      0.01476680939259683      9.299600000000003        1616.7262139673085
0.0352793506469815        0.013392859323864607     9.299600000000003        1616.7991250109665
0.03485190434212418       0.014730166572238928     9.299600000000003        1616.8895926503003
0.035780307697797185      0.015752527753049684     9.299600000000003        1616.829427474893
0.03320619069526865       0.018025584304297414     9.299600000000003        1617.164355265328
0.03383665254815153       0.016893450307803273     9.299600000000003        1617.0647162832893
0.03483293516874026       0.018303191026902917     9.299600000000003        1617.0074022059407
0.03560710564766347       0.017206765168411266     9.299600000000003        1616.8936707379814
0.03468180093769654       0.01591621017346597      9.299600000000003        1616.9471923741607
0.04032847212297517       0.013441705256234178     9.299600000000003        1616.2709306824743
0.03872001461674149       0.013621606009406833     9.299600000000003        1616.4502402017058
0.03994062228399292       0.01466535797330075      9.299600000000003        1616.3522033805887
0.03727182887434864       0.016261456138764653     9.299600000000003        1616.689393348661
0.038180525212118205      0.014885248242129787     9.299600000000003        1616.5492135914885
0.039172344889225795      0.016063840801067132     9.299600000000003        1616.4787548820188
0.04181649005095808       0.014589135541443565     9.299600000000003        1616.1429817907906
0.03963327532339639       0.018552616282644572     9.299600000000003        1616.4978829430172
0.040639164522946546      0.017301648207087142     9.299600000000003        1616.3522024269403
0.04118850129372785       0.019167789326483504     9.299600000000003        1616.3388713319644
0.040751747988070824      0.01577554047836452      9.299600000000003        1616.2965103052506
0.04338831854314178       0.013502973237297737     9.299600000000003        1615.9344273889203
0.043457512305702294      0.014954847629625264     9.299600000000003        1615.9698082741377
0.044235326395929024      0.016049105477413055     9.299600000000003        1615.912502554005
0.04240858611343584       0.01640140193754979      9.299600000000003        1616.1288832039666
0.045828942128725465      0.011371347049307416     9.299600000000003        1615.594302981048
0.04436989662197161       0.011987911502495714     9.299600000000003        1615.7770931005773
0.04497437862075461       0.014455503123637999     9.299600000000003        1615.7842461603514
0.04748598598536719       0.010843227316154495     9.299600000000003        1615.3930006116245
0.049234528930167325      0.010288316637606725     9.299600000000003        1615.1843658345786
0.0438977812060329        0.017455261307551803     9.299600000000003        1615.9880011213352
0.04234989987115628       0.017859778542557644     9.299600000000003        1616.174293504233
0.04309763117613122       0.019056137924316787     9.299600000000003        1616.118921370462
0.04528076363234813       0.01307013756506167      9.299600000000003        1615.7087789680136
0.046936214778591896      0.012452283965075639     9.299600000000003        1615.504616991869
-0.008889663584486784     0.05108497602132933      9.299600000000003        1619.5824162316364
-0.04959715933463507      0.008317524294002097     9.299600000000003        1616.392763861293
-0.05026566725077921      -1.4264144784881475E-4   9.299600000000003        1615.8687806673663
-0.049761090470894706     0.006558136810219523     9.299600000000003        1616.2886390554847
-0.050183686232578906     0.0015247412491329782    9.299600000000003        1615.9739624968372
-0.04865495257239033      0.0023189087587929457    9.299600000000003        1616.159186437041
-0.04828560504537826      0.005507078005047369     9.299600000000003        1616.3704484028206
-0.048495390821477205     0.003913499319277783     9.299600000000003        1616.264082865021
-0.05015211796303387      0.0032675677006155173    9.299600000000003        1616.07585586169
-0.05000073367879558      0.004929798957914844     9.299600000000003        1616.1807253297645
-0.05185755230901305      -9.799907163548806E-4    9.299600000000003        1615.6804665609852
-0.051875443651772844     7.673735134377735E-4     9.299600000000003        1615.7815083347896
-0.051758197505503915     0.002489580034537402     9.299600000000003        1615.8895695194135
-0.05149251423655886      0.005975764387942489     9.299600000000003        1616.1017418256297
-0.051663173396073146     0.00425771391848261      9.299600000000003        1615.9952338904557
-0.050988922640687405     0.009460091220126098     9.299600000000003        1616.3213086011829
-0.051224139507949934     0.007681963117038207     9.299600000000003        1616.2128752270826
-0.044987311393823066     0.02581971855102798      9.299600000000003        1617.4556804610431
-0.044071218125458465     0.027259226901967134     9.299600000000003        1617.5682029098723
-0.04692246603388708      0.01812837402836232      9.299600000000003        1617.0586925285597
-0.04804261611333121      0.019550851882895414     9.299600000000003        1617.0027841485423
-0.04864096586608292      0.01786029158304507      9.299600000000003        1616.8895219247179
-0.047052622161649266     0.011901379165212266     9.299600000000003        1616.800314463955
-0.046754580939531686     0.013581421451332362     9.299600000000003        1616.900976519417
-0.047468576494973595     0.01644486064306851      9.299600000000003        1616.9466645689138
-0.049258220558588285     0.01626069359079833      9.299600000000003        1616.7735684059053
-0.04804545362675861      0.014935192533313449     9.299600000000003        1616.8341926001249
-0.04844104605885994      0.01317325124038808      9.299600000000003        1616.7245561990205
-0.04972224082874753      0.014519831631736703     9.299600000000003        1616.6619183072098
-0.04892120137281722      0.011635467127061474     9.299600000000003        1616.6122323323054
-0.050620791163534073     0.011139372182287239     9.299600000000003        1616.4331579734596
-0.05023987471228765      0.012885068473319152     9.299600000000003        1616.5456700641714
-0.04579182110467653      0.024225589109274547     9.299600000000003        1617.3449926163928
-0.04661191333689883      0.022744110526493236     9.299600000000003        1617.231347093469
-0.04481335780889698      0.022661793874337123     9.299600000000003        1617.394957396352
-0.04730977150945738      0.02110730506686609      9.299600000000003        1617.119539975249
-0.042093650245802215     0.03021148852487643      9.299600000000003        1617.7933872785843
-0.030639437721093593     0.037820427515804896     9.299600000000003        1618.7760645141545
-0.02928582331837722      0.038751831255004074     9.299600000000003        1618.869967616626
-0.030922254742007223     0.039682684934534175     9.299600000000003        1618.7417239651083
-0.03226922744037403      0.03851342812969348      9.299600000000003        1618.6478552321757
-0.035181962857481035     0.038085852299217855     9.299600000000003        1618.4200721274071
-0.033879497405075454     0.03925882664996394      9.299600000000003        1618.5179528700357
-0.03477230064962598      0.03630464560452737      9.299600000000003        1618.4570733091002
-0.0359704662055067       0.035174758935299824     9.299600000000003        1618.3584247599595
-0.037141050478941944     0.03377770817277494      9.299600000000003        1618.256106591877
-0.03645285378553479      0.03688624946976647      9.299600000000003        1618.3192862843232
-0.04315103171523218      0.02566449911572914      9.299600000000003        1617.6200893347202
-0.04138850947496863      0.0255563412357748       9.299600000000003        1617.779167374737
-0.03896452113293823      0.02677068412312171      9.299600000000003        1618.019860592048
-0.03801508487558148      0.027868783507396702     9.299600000000003        1618.1216249131405
-0.03852360886489547      0.029603612248530496     9.299600000000003        1618.1020565724518
-0.040349384008262434     0.030022109344768552     9.299600000000003        1617.9457501257473
-0.042297363431448805     0.02721446725808372      9.299600000000003        1617.728108052186
-0.04043357971244935      0.026853205542473363     9.299600000000003        1617.8906339102507
-0.04132864584882748      0.028528926800733115     9.299600000000003        1617.8375629850125
-0.03957554434559123      0.0283423047153001       9.299600000000003        1617.9918954595835
-0.038261814334967066     0.03257798643607901      9.299600000000003        1618.1533375629995
-0.04311735621406961      0.028825061549463533     9.299600000000003        1617.6815640263187
-0.03767773802977727      0.03555843787004224      9.299600000000003        1618.2166766626672
-0.038892959342663215     0.034291164073603365     9.299600000000003        1618.1093103339988
-0.03669981416748931      -0.0174548383266845      9.299600000000003        1615.7167835569712
-0.03662635524700871      -0.01894250561223747     9.299600000000003        1615.595794256252
-0.0381014870812181       -0.018679858728241162    9.299600000000003        1615.5170657449396
-0.03748903990081388      -0.020076687016424104    9.299600000000003        1615.4401173425351
-0.03694885933456391      -0.021199214642727143    9.299600000000003        1615.3793229245266
-0.03586402869971442      -0.01990169749338528     9.299600000000003        1615.5639323010985
-0.034987843681905446     -0.01836974716729907     9.299600000000003        1615.752411761173
-0.032580950418081366     -0.019137172432368708    9.299600000000003        1615.8353397858873
-0.034244792788574126     -0.019517329709085488    9.299600000000003        1615.7009288002307
-0.033303726282109584     -0.01799930623545494     9.299600000000003        1615.8895994650431
-0.0341323072922622       -0.017094241269966916    9.299600000000003        1615.9149579731188
-0.03097593550241693      -0.018781404455750952    9.299600000000003        1615.9589081862352
-0.04169391599917968      -0.019283544312915558    9.299600000000003        1615.2066372516097
-0.041844989902903        -0.01776388388756325     9.299600000000003        1615.320818094937
-0.043166309742491235     -0.018974814656016855    9.299600000000003        1615.12161781892
-0.04044401481497109      -0.020531554102181482    9.299600000000003        1615.1932881493226
-0.040062009802290736     -0.01862546060161961     9.299600000000003        1615.3817498775095
-0.03861558302115799      -0.01739149325343185     9.299600000000003        1615.5889584457652
-0.0382104680270006       -0.014880518153906432    9.299600000000003        1615.8240233326585
-0.03765030060175252      -0.016097869253578114    9.299600000000003        1615.7641787763607
-0.04019246409741545      -0.01714843087603574     9.299600000000003        1615.494817998481
-0.042907256923404156     -0.016406095447686907    9.299600000000003        1615.3496402950916
-0.04121424984845834      -0.015933484717957948    9.299600000000003        1615.5175021138498
-0.042878656138955654     -0.01492766449757383     9.299600000000003        1615.4694903442487
-0.039430175335309445     -0.016026713008212547    9.299600000000003        1615.64273225395
-0.04122834340353984      -0.014459399586778018    9.299600000000003        1615.634508221306
-0.039809234106808755     -0.014819764806973288    9.299600000000003        1615.7126015521535
-0.04028640513711897      -0.013357145145008697    9.299600000000003        1615.7932635009029
-0.04366175630883854      -0.017536017280531516    9.299600000000003        1615.2004798135029
-0.050528892994871955     -0.011438567917107099    9.299600000000003        1615.1148050717368
-0.05005032488616137      -0.013162570297123309    9.299600000000003        1615.0318600014289
-0.049620395650595055     -0.014868250925620375    9.299600000000003        1614.9434116050122
-0.04823569499962195      -0.013638548789188432    9.299600000000003        1615.1389655802743
-0.04781695977972577      -0.015224468761705016    9.299600000000003        1615.0548662142157
-0.04645237867453948      -0.013997277345813415    9.299600000000003        1615.2556540833864
-0.048784848528047396     -0.011947855280267875    9.299600000000003        1615.217099188728
-0.049119298498758485     -0.010341602128154442    9.299600000000003        1615.303426972395
-0.04397835959472691      -0.004299487935811019    9.299600000000003        1616.1611377562024
-0.045688772890730284     -0.004278001326955416    9.299600000000003        1616.0151679443168
-0.04284585574607003      -0.0086889165310953      9.299600000000003        1615.9466566410806
-0.04360105474496883      -0.007307160556178796    9.299600000000003        1615.9840462175368
-0.04460361090212894      -0.008991629931550154    9.299600000000003        1615.779428118814
-0.041896256937841846     -0.0077344192293573345   9.299600000000003        1616.092862982073
-0.045061537716252334     -0.006005829670428202    9.299600000000003        1615.9519795873236
-0.04331978430385026      -0.0058367749347801295   9.299600000000003        1616.1110231306536
-0.04535841788479504      -0.007472020401923925    9.299600000000003        1615.8242816126979
-0.04639460105718062      -0.008437475540366618    9.299600000000003        1615.6676746015498
-0.046737935385188036     -0.006711241840228282    9.299600000000003        1615.7587152245324
-0.04827059566388603      -0.00600940201981335     9.299600000000003        1615.6731716620852
-0.04680090779744078      -0.00519113392441844     9.299600000000003        1615.8567130773188
-0.04843508997378635      -0.0042910356557108375   9.299600000000003        1615.7725424814014
-0.046997033057495856     -0.0034064926511111564   9.299600000000003        1615.957570313557
-0.048043480438826086     -0.007636223216086097    9.299600000000003        1615.5822021639926
-0.04779292848914604      -0.009291175563078789    9.299600000000003        1615.4883122395204
-0.049750810555571005     -0.006981412261458637    9.299600000000003        1615.4805489361825
-0.049991178277629736     -0.005229008049829444    9.299600000000003        1615.575523775389
-0.05011996469460254      -0.0035623970915067515   9.299600000000003        1615.6711798158046
-0.0517622409664006       -0.002746850216609798    9.299600000000003        1615.581977013754
-0.051645041027885155     -0.004514521402213379    9.299600000000003        1615.4820899969534
-0.051454564691879166     -0.006249604366948385    9.299600000000003        1615.3872279839404
-0.049510279502274844     -0.008619633597024081    9.299600000000003        1615.3901513512026
-0.05089833371625073      -0.009725954720296835    9.299600000000003        1615.202779767379
-0.051219039294429516     -0.008017228490964578    9.299600000000003        1615.2908761857614
-0.03958078370914775      -0.0075443830452730145   9.299600000000003        1616.28799684694
-0.040584443380971696     -0.006902460145709328    9.299600000000003        1616.2569660958372
-0.04111516898279414      -0.010563009637185788    9.299600000000003        1615.9453821939094
-0.04210440262058588      -0.01158900794126993     9.299600000000003        1615.7897735412475
-0.04298875692945102      -0.010257138250221386    9.299600000000003        1615.8194029805254
-0.04154440065996431      -0.009205319086641866    9.299600000000003        1616.0132576130488
-0.046187916400221275     -0.00988388317301546     9.299600000000003        1615.5816751667028
-0.04739381312760096      -0.010828452797190385    9.299600000000003        1615.4121438212578
-0.046976073420838906     -0.0124623370326697      9.299600000000003        1615.3275101822128
-0.04535952006997993      -0.012940182500497388    9.299600000000003        1615.424369814746
-0.04390978543991742      -0.013464534271165465    9.299600000000003        1615.5018215879948
-0.04381057203435569      -0.011934549623508296    9.299600000000003        1615.6267050799102
-0.0448115875649968       -0.010485100921559801    9.299600000000003        1615.6529195840203
-0.045695333606361764     -0.01154372150686735     9.299600000000003        1615.5013286674869
-0.04438006371756679      -0.015958721129669368    9.299600000000003        1615.2699915611367
-0.04543367487137949      -0.017122954184495727    9.299600000000003        1615.0958962092984
-0.04475076833620161      -0.014587784498560737    9.299600000000003        1615.3475626314732
-0.04598218894519284      -0.015592264170524155    9.299600000000003        1615.1717706187637
-0.042182948791523296     -0.013105241870092281    9.299600000000003        1615.6668675954154
0.04691376805879077       0.005108059164753065     9.299600000000003        1615.2518385807145
0.04691577473179384       0.0036758871881093043    9.299600000000003        1615.194440473677
0.04848697167915903       0.0043770738801314985    9.299600000000003        1615.0533203352986
0.04850712419819734       0.002752244441326848     9.299600000000003        1614.986101973743
0.04816477082596574       0.006039557793259359     9.299600000000003        1615.1516032693155
0.04974173547136246       0.007016477380894695     9.299600000000003        1615.0183775495536
0.049866355568005775      0.005353557182001338     9.299600000000003        1614.9442690102758
0.04861899860863495       0.0010846283369031953    9.299600000000003        1614.9044975160025
0.047161788818556045      0.0019037719311704368    9.299600000000003        1615.094074414252
0.05018541910650307       0.0019451521547576556    9.299600000000003        1614.7772337521453
0.05018032691819749       0.0035649024649093606    9.299600000000003        1614.8427890904384
0.05179587724442358       0.002767328151025243     9.299600000000003        1614.6490684503378
0.05116934579365825       0.008061599164173715     9.299600000000003        1614.907955049002
0.05180051803851137       0.0011003256058277257    9.299600000000003        1614.5815624723084
0.05185100746585974       -6.685267428645249E-4    9.299600000000003        1614.5028615301699
0.05168587415493397       -0.00423140421679931     9.299600000000003        1614.3608077668725
0.05175370726073562       -0.0023934728013464664   9.299600000000003        1614.4371107931975
0.05146190150229127       0.0063193635600314125    9.299600000000003        1614.8166723336328
0.0515984602954087        0.004594702279640661     9.299600000000003        1614.7390566106972
0.0495107673570923        -0.008182185520406993    9.299600000000003        1614.3751911367142
0.04980383602475891       -0.006488525163898317    9.299600000000003        1614.4324525772024
0.051454459905047135      -0.005837994057982932    9.299600000000003        1614.3075404085266
0.051250307257752606      -0.007647977138637153    9.299600000000003        1614.2392362135931
0.04886626375195939       -0.01151290226207722     9.299600000000003        1614.2589091619036
0.05020290545897853       -0.012757712055969239    9.299600000000003        1614.0709319083446
0.04974552194939624       -0.014433980594250658    9.299600000000003        1614.0193230670905
0.0509316584842799        -0.009371598194436552    9.299600000000003        1614.182476231843
0.05065459011233889       -0.011161106457200566    9.299600000000003        1614.1155814648619
0.03651344955354659       -0.01868969933842621     9.299600000000003        1614.9232288385067
0.038128080507775115      -0.018813161116518564    9.299600000000003        1614.7782476925697
0.0375335242933851        -0.01994654104997624     9.299600000000003        1614.745726239658
0.036151518391499264      -0.01985384617161378     9.299600000000003        1614.8670815056603
0.03673240065928547       -0.021193424452141115    9.299600000000003        1614.718853666587
0.03822789549767953       -0.021223342141575112    9.299600000000003        1614.592757162092
0.03780529501967346       -0.022794347893802303    9.299600000000003        1614.5090847104223
0.039600672759649576      -0.022130430657938606    9.299600000000003        1614.409772190372
0.04319463864138197       -0.01542092112601591     9.299600000000003        1614.558486692746
0.04171434033530497       -0.014743834886536291    9.299600000000003        1614.7396298980636
0.04220280316459907       -0.016602813818966826    9.299600000000003        1614.5718672524115
0.04074947169027513       -0.015905311801785376    9.299600000000003        1614.7507332891164
0.044051628549211866      -0.016779356447763058    9.299600000000003        1614.3910194785528
0.043308781120858515      -0.013721752080186177    9.299600000000003        1614.656465514416
0.04251606246177947       -0.01189797970053051     9.299600000000003        1614.8452685267025
0.04162706592353642       -0.01313281501523467     9.299600000000003        1614.8516746782423
0.04340864705587169       -0.018075363972545236    9.299600000000003        1614.36372360949
0.04210691358109375       -0.01838289028835544     9.299600000000003        1614.4598693184762
0.04283621766170534       -0.019661778688460217    9.299600000000003        1614.3069303978389
0.039863128672776166      -0.014727412067171182    9.299600000000003        1614.9097553449335
0.03925528908351917       -0.016075431423340177    9.299600000000003        1614.8729681747157
0.03180548951423487       -0.018029974756409       9.299600000000003        1615.3463107058362
0.033193228060129906      -0.01881316542833562     9.299600000000003        1615.181211111833
0.030520650504065265      -0.019472956634164918    9.299600000000003        1615.331845840805
0.029751331396365557      -0.020725308112787087    9.299600000000003        1615.2892504829067
0.032507238922526716      -0.022118701125775866    9.299600000000003        1614.9786065418605
0.033312212065426         -0.020900862477913996    9.299600000000003        1615.012875520676
0.032270146380652114      -0.019695679379374074    9.299600000000003        1615.185046799834
0.03149698156182534       -0.020834604132560795    9.299600000000003        1615.1546628831513
0.036593694623196386      -0.02370309152415519     9.299600000000003        1614.5368871331716
0.03522186446049881       -0.02372728087482397     9.299600000000003        1614.6434006507332
0.03595822417473677       -0.022275473459690335    9.299600000000003        1614.698792421371
0.034321338325283265      -0.02222252388910172     9.299600000000003        1614.8320594923744
0.03804363441789815       -0.024855039387649387    9.299600000000003        1614.3304782732616
0.03924796868315887       -0.02387439897565479     9.299600000000003        1614.3079433551968
0.03984042876297128       -0.025321473264742732    9.299600000000003        1614.1491000116782
0.04134075784126087       -0.025354296018165863    9.299600000000003        1614.0248499547886
0.04059537691878804       -0.023762069052347456    9.299600000000003        1614.2048352651066
0.04212359940895952       -0.02100454741400738     9.299600000000003        1614.2754290638047
0.043761349035491885      -0.02115648503165753     9.299600000000003        1614.1229389541477
0.04791699274780205       -0.014737313854245974    9.299600000000003        1614.163117153795
0.04455704153965871       -0.01510535750417845     9.299600000000003        1614.4517557523943
0.0463100433913381        -0.015131245532687625    9.299600000000003        1614.2869208870497
0.04565533245177704       -0.016588218458605444    9.299600000000003        1614.25647546803
0.0475068306727801        -0.016523820926480855    9.299600000000003        1614.0934842883291
0.04220536364164176       -0.02407482022784657     9.299600000000003        1614.0480801666733
0.04549295268550842       -0.021048437327923067    9.299600000000003        1613.982159505949
0.044804175313701115      -0.022725406687990706    9.299600000000003        1613.927690510007
0.04140052967367699       -0.022620922553339907    9.299600000000003        1614.2212833717776
0.04073888925356571       -0.02116162432463404     9.299600000000003        1614.3839049851406
0.04293831105151998       -0.02261765384866367     9.299600000000003        1614.0912514431866
0.03933212895699249       -0.020217810739779525    9.299600000000003        1614.5733449228867
0.04054055752535202       -0.017508986157542338    9.299600000000003        1614.6600343585046
0.041044842981045125      -0.019483841780497054    9.299600000000003        1614.4773585659893
0.039479243430090655      -0.018610255056198274    9.299600000000003        1614.6762963064318
0.044010224741283965      -0.024142565647933906    9.299600000000003        1613.89547659902
0.04314228795590225       -0.02561752054397304     9.299600000000003        1613.8611637473703
0.044923350437520805      -0.02572587281408907     9.299600000000003        1613.7166395239728
0.04440340096539548       -0.019524053099292685    9.299600000000003        1614.1777107175242
0.04508312693975463       -0.018166775356132994    9.299600000000003        1614.2069331687183
0.04685406790591669       -0.018005056586860427    9.299600000000003        1614.0601520191597
0.046211872989452465      -0.0195620861128235      9.299600000000003        1614.0174702971929
0.04732157403540814       -0.020968372704118988    9.299600000000003        1613.8371064678959
0.049205753471766894      -0.016125652115503073    9.299600000000003        1613.970049086028
0.04867195999803154       -0.017888539270177098    9.299600000000003        1613.9127535759706
0.04580162159428851       -0.02423646455958218     9.299600000000003        1613.7481084818273
0.04656417659430721       -0.022592111255509636    9.299600000000003        1613.795144715689
0.04928780595287772       -0.009960232406723318    9.299600000000003        1614.3033885155253
0.03892830651117985       -0.02649418292410318     9.299600000000003        1614.1315692752794
0.04054022150119268       -0.02693890468905477     9.299600000000003        1613.9696197485043
0.03438640024701416       -0.02766211797305317     9.299600000000003        1614.3867720414478
0.033073175729792674      -0.028416048855717538    9.299600000000003        1614.419162350177
0.03628294402232444       -0.027252278019103446    9.299600000000003        1614.2775023148477
0.03753254392600991       -0.026484497122699086    9.299600000000003        1614.242486974206
0.037966976045303684      -0.0279870961755833      9.299600000000003        1614.0885940129817
0.03567727771263524       -0.02891168462636768     9.299600000000003        1614.1865875150654
0.03702679662449299       -0.029006522635892196    9.299600000000003        1614.0777038863996
0.03606849866678155       -0.030432840477236225    9.299600000000003        1614.0309148280214
0.03756806396311926       -0.030676861472014167    9.299600000000003        1613.9011547157736
0.030567351687407096      -0.03770660058106248     9.299600000000003        1613.7596759561814
0.029106223237773295      -0.03693263995030061     9.299600000000003        1613.9180847728285
0.03187553682982051       -0.03671860660733887     9.299600000000003        1613.7693039369917
0.03349385055356634       -0.03728916919368042     9.299600000000003        1613.6197423457445
0.033062779408218536      -0.0354815175676388      9.299600000000003        1613.804045798646
0.03475409388392903       -0.03614858984657846     9.299600000000003        1613.6384488037095
-0.006080180968526547     -0.02944621416437322     9.299600000000003        1615.7153742986793
-0.003973141854241116     -0.029461460967740667    9.299600000000003        1615.717774548477
-0.004794321952401153     -0.027796097979371142    9.299600000000003        1615.8785302397864
0.009244104709179567      -0.03702478449680051     9.299600000000003        1614.781505361729
0.008000466723451208      -0.036977704266824896    9.299600000000003        1614.8168846630072
0.00693112958339314       -0.03552111916190444     9.299600000000003        1614.9909058803678
0.006636883222412512      -0.037174516471798445    9.299600000000003        1614.8263761127607
0.005490404596670564      -0.03582392810101647     9.299600000000003        1614.98870734732
0.008849920174908973      -0.03803235729924863     9.299600000000003        1614.6867547569586
0.009070161279396471      -0.039612332097546214    9.299600000000003        1614.5152406827422
0.007783586593490193      -0.03852342631655544     9.299600000000003        1614.6605009150337
0.006423968771310655      -0.03883352208305645     9.299600000000003        1614.656595795209
0.009920074383894787      -0.04122654617238936     9.299600000000003        1614.3222120894713
0.007564483919905498      -0.04024276723609521     9.299600000000003        1614.4832484819856
0.008547230991398836      -0.04144109237830097     9.299600000000003        1614.3330090561242
0.0010125206586745943     -0.034540792438422896    9.299600000000003        1615.1842204108107
-4.230820701057571E-4     -0.034632338225241165    9.299600000000003        1615.186868921377
0.006188186011790397      -0.031317672125795296    9.299600000000003        1615.4279373295178
0.005671084289194231      -0.03406976762849253     9.299600000000003        1615.1642975593122
0.00476135345325687       -0.03255957063478163     9.299600000000003        1615.3327387165843
0.006349780013012008      -0.03286828924805126     9.299600000000003        1615.2712848422482
0.00316314033759081       -0.03302893090643979     9.299600000000003        1615.3114853830346
0.004248675739899474      -0.0343748449485828      9.299600000000003        1615.1587321254958
0.0027572979883547853     -0.034670554818859736    9.299600000000003        1615.1507287142329
0.0021314142071170673     -0.036115381496983984    9.299600000000003        1615.009679149605
-7.841612160604355E-4     -0.03133806742174205     9.299600000000003        1615.5219415489946
-0.002410176318524552     -0.031848838895430505    9.299600000000003        1615.4791187870615
-0.0035310697855503114    -0.030972401238828957    9.299600000000003        1615.5688158044143
-0.0012877623109608957    -0.03316316792409235     9.299600000000003        1615.3420229176606
-0.007693425983205232     -0.030226126086555737    9.299600000000003        1615.6294693899724
-0.006688397769169587     -0.031230130255971166    9.299600000000003        1615.536255298104
-0.004991113502507386     -0.03096277699331844     9.299600000000003        1615.5691367260708
-0.010822156005766451     -0.030058720125104105    9.299600000000003        1615.612702090739
-0.011464593915704296     -0.03144832030300808     9.299600000000003        1615.4649740357597
-0.010091599906728423     -0.03162999074936859     9.299600000000003        1615.4657543889107
-0.007126737423450407     -0.03269488581147875     9.299600000000003        1615.3863218703443
-0.008475240403798604     -0.03179510372172045     9.299600000000003        1615.4666245087442
-0.009123540734788013     -0.030018856862784372    9.299600000000003        1615.6372138192253
-0.013710273185024208     -0.026758303345507935    9.299600000000003        1615.8848963360194
-0.013079628725663954     -0.02850629375221547     9.299600000000003        1615.7284570063073
-0.014789004709859095     -0.02828724100729159     9.299600000000003        1615.715177388355
-0.01691105911694573      -0.030138240760542324    9.299600000000003        1615.482280605186
-0.01561663440039605      -0.029590261422010454    9.299600000000003        1615.5688222057056
-0.014279583626075608     -0.029956062834021736    9.299600000000003        1615.5626092349228
-0.012670062616414002     -0.030351534942992628    9.299600000000003        1615.554554320884
-0.01403611598780678      -0.03164589830914091     9.299600000000003        1615.3991416981314
-0.012669263660281926     -0.03211501357399081     9.299600000000003        1615.377973555566
-0.013817530368065491     -0.03361204991324357     9.299600000000003        1615.203818745984
6.095418343499973E-4      -0.03625515633778201     9.299600000000003        1615.0108211473664
-9.419355703623506E-4     -0.03651098282429849     9.299600000000003        1614.9952746047509
0.0015749750131843923     -0.037716600931047436    9.299600000000003        1614.8481927951782
0.002964547544430118      -0.037711225271447456    9.299600000000003        1614.8322789093497
0.0011127809603644389     -0.039369268072183695    9.299600000000003        1614.6769506770388
2.657105780345892E-4      -0.037823048927489715    9.299600000000003        1614.8489513419927
-2.3943047377245806E-4    -0.03952743612155831     9.299600000000003        1614.670770258019
-9.738982756582028E-4     -0.038145241349812564    9.299600000000003        1614.8229790262849
-0.0021622489243161586    -0.03776444875634002     9.299600000000003        1614.8684330798578
-0.021987011536537378     -0.02672574894329087     9.299600000000003        1615.6536555922276
-0.021033675495574757     -0.029502000641669246    9.299600000000003        1615.4190203152918
-0.02081926108360854      -0.027577945126002132    9.299600000000003        1615.6136103435183
-0.02032369132918969      -0.0258736984423763      9.299600000000003        1615.7931151982905
-0.019455169547199756     -0.027260402825811325    9.299600000000003        1615.6892261762844
-0.014654461032239658     -0.034878727283756676    9.299600000000003        1615.0555975630186
-0.01345706465540566      -0.03525705901618113     9.299600000000003        1615.0408169029467
-0.01687678751020511      -0.03522477797320166     9.299600000000003        1614.9665118346506
-0.016925010660747343     -0.03381377908754416     9.299600000000003        1615.1110841851994
-0.018070596646493253     -0.034947685632882704    9.299600000000003        1614.9627431727404
-0.015938239306136595     -0.03468048879281577     9.299600000000003        1615.0466323179594
-0.012172361272593428     -0.035812845404745074    9.299600000000003        1615.0059363262733
-0.013149360456090147     -0.037036164653337415    9.299600000000003        1614.8597876137828
-0.011982275682771968     -0.037166448316749576    9.299600000000003        1614.8664319047452
-0.011126037361843961     -0.03649875845721495     9.299600000000003        1614.950320357003
-0.01798333451221307      -0.039892266401115005    9.299600000000003        1614.4431875645046
-0.0195548358775232       -0.03959724831759865     9.299600000000003        1614.4294453687323
-0.018801879555485016     -0.04137191296584401     9.299600000000003        1614.2617452064662
-0.019638438417673227     -0.030893022934583902    9.299600000000003        1615.327831479472
-0.018203537101503183     -0.031441737554155566    9.299600000000003        1615.3165797364252
-0.021674493637080502     -0.03508215238191471     9.299600000000003        1614.8339147368629
-0.020510679406023205     -0.03550748819157042     9.299600000000003        1614.82965077313
-0.020574471426121007     -0.03374250731449373     9.299600000000003        1615.0093842037184
-0.019325654793190452     -0.034307973473763693    9.299600000000003        1614.9915658880116
-0.01926273301743216      -0.032561935155272115    9.299600000000003        1615.1718722771345
-0.022393662897689605     -0.03043474266157572     9.299600000000003        1615.27793837209
-0.020481997272660035     -0.03220108829161831     9.299600000000003        1615.169080435659
-0.021334699802986815     -0.03120939587909669     9.299600000000003        1615.2393574132177
-0.022632940874329377     -0.03218489187007918     9.299600000000003        1615.0942597803642
-0.021470183179727036     -0.0326289207591457      9.299600000000003        1615.0918800242584
-0.0180896330215487       -0.03317400904318611     9.299600000000003        1615.1446006749063
-0.0237750005495986       -0.03139465364402184     9.299600000000003        1615.1290899183648
-0.02248397987625621      -0.03388712575259044     9.299600000000003        1614.9272914669634
-0.023081493542412953     -0.035617517619214695    9.299600000000003        1614.7272582663034
-0.023975775709440275     -0.03320081787148909     9.299600000000003        1614.939582106708
-0.026193756376945675     -0.03185426397871253     9.299600000000003        1614.9811445774105
-0.026527663548628472     -0.033182481983697255    9.299600000000003        1614.8333838288306
-0.02511033807777189      -0.03242818869672306     9.299600000000003        1614.9707589485954
-0.02558448692736178      -0.03403978432827835     9.299600000000003        1614.7880231140368
-0.024173330966295384     -0.03476226458282978     9.299600000000003        1614.7727386831582
-0.02471352762730316      -0.036619572093212704    9.299600000000003        1614.5601351809767
0.010319942936268114      -0.03639449783492848     9.299600000000003        1614.8174882853725
0.0036480431045170345     -0.03888751391467169     9.299600000000003        1614.6983424115044
0.003647537549333776      -0.04047521523896281     9.299600000000003        1614.5284394463056
0.005086547069859041      -0.03920349917225098     9.299600000000003        1614.6420768435278
0.006250779254626837      -0.040542868811887664    9.299600000000003        1614.477963704994
0.0050549912982440865     -0.04092465336454466     9.299600000000003        1614.4583487495267
0.005752211078599459      -0.04206465743926682     9.299600000000003        1614.323136119574
0.0042646986627397025     -0.04222287771313511     9.299600000000003        1614.3302835014465
0.005125925664209919      -0.043432327530947355    9.299600000000003        1614.185030442322
0.005211656595816356      -0.04508665702474316     9.299600000000003        1614.0027507874381
0.0066085464465047445     -0.04374793393131436     9.299600000000003        1614.1245111660046
0.009503437168488178      -0.043137428631817534    9.299600000000003        1614.12778660643
0.007972537096920015      -0.042973718230425326    9.299600000000003        1614.18083704456
0.008233657709688504      -0.044686257008433795    9.299600000000003        1613.9896054933777
0.009708202885351395      -0.04490814138951868     9.299600000000003        1613.9319274793763
0.007035949186771478      -0.041906171844721396    9.299600000000003        1614.3158423248399
0.009082977681368303      -0.04628446095007844     9.299600000000003        1613.7982610536853
0.008429187713510143      -0.04786401591318645     9.299600000000003        1613.6432902989852
0.007596364758658225      -0.046440365358258906    9.299600000000003        1613.8126691574814
0.006779000436508733      -0.048047772611631706    9.299600000000003        1613.6550301734057
0.006647479274367759      -0.045461022711879046    9.299600000000003        1613.9371357571447
0.005872952075038545      -0.04680880613131485     9.299600000000003        1613.8040514946806
0.010949299216634706      -0.042333469076268296    9.299600000000003        1614.176562449803
0.011227872842305869      -0.04395879270918667     9.299600000000003        1613.9949554579582
0.012455093159526984      -0.04246509041063542     9.299600000000003        1614.119221312316
0.013689544269311661      -0.04147140213449602     9.299600000000003        1614.1856482360042
0.015239131157898283      -0.04146481151815821     9.299600000000003        1614.1334757717757
0.012708794406987682      -0.04413668472703692     9.299600000000003        1613.9337705551227
0.010726365070212582      -0.045794792353641776    9.299600000000003        1613.8114733186737
0.012136441868063098      -0.04554296176261934     9.299600000000003        1613.8007077262057
0.010075230984577993      -0.047471876271606886    9.299600000000003        1613.6489330246661
0.011640303968252818      -0.04714638131471239     9.299600000000003        1613.6446976258665
0.013219497189846843      -0.04667584130856961     9.299600000000003        1613.6507128037385
0.014131142813888994      -0.0431728805795084      9.299600000000003        1613.991548849682
0.015675064244218526      -0.0431684631092945      9.299600000000003        1613.9395388109897
0.013767534635685027      -0.04497116576223292     9.299600000000003        1613.8131764060624
0.015270086220569488      -0.04451131370385063     9.299600000000003        1613.8129163037474
0.009476156465695393      -0.0492210361715309      9.299600000000003        1613.4797910116758
0.011130212103135364      -0.04889170611140357     9.299600000000003        1613.4767350360846
0.012819328074032495      -0.048465208501889095    9.299600000000003        1613.477729329362
0.014402706918974106      -0.048084203877416895    9.299600000000003        1613.4721713571953
0.023859848319356416      -0.040586638852339735    9.299600000000003        1613.853789801269
0.02517358062291141       -0.041498479352350785    9.299600000000003        1613.6995916858332
0.022576982439871152      -0.04125164760012522     9.299600000000003        1613.8500615674268
0.016434592195209884      -0.04566050519951322     9.299600000000003        1613.654019328277
0.014846234953718333      -0.04623992936998336     9.299600000000003        1613.6467719564223
0.01609247907899003       -0.047420086060949156    9.299600000000003        1613.4871466613722
0.01768915888609469       -0.04689195656559372     9.299600000000003        1613.4864533285743
0.017019853988314113      -0.042013861298568315    9.299600000000003        1614.0105373037952
0.019226407020311042      -0.04633387802845429     9.299600000000003        1613.4863829485987
0.020743780791182897      -0.04578604024203162     9.299600000000003        1613.4817284569706
0.019381243439222918      -0.044512106035931046    9.299600000000003        1613.661590521049
0.017913912655893226      -0.04515845791338953     9.299600000000003        1613.6524408236426
0.01680825230812881       -0.043919864434172805    9.299600000000003        1613.820496251238
0.018135300142879077      -0.043476445836566666    9.299600000000003        1613.816175036059
0.020907677227621862      -0.04393509824565375     9.299600000000003        1613.657007074825
0.02112718141184968       -0.0421442627295753      9.299600000000003        1613.8271199515877
0.019813943613258677      -0.04087532167767505     9.299600000000003        1614.0134710709497
0.01967902465450951       -0.042705522009849166    9.299600000000003        1613.8327180629224
0.018516682172964705      -0.0420007679108393      9.299600000000003        1613.9528455039647
0.0180472311329431        -0.04039724478053333     9.299600000000003        1614.136973203294
0.015385922698561557      -0.0395242442801443      9.299600000000003        1614.330336913741
0.01681040225243853       -0.039030791329831484    9.299600000000003        1614.3270942728248
0.01655952327131752       -0.04047310243630349     9.299600000000003        1614.1880647114895
0.023828614604223235      -0.04229878690124744     9.299600000000003        1613.6873819220066
0.022427537025435082      -0.042995803419029005    9.299600000000003        1613.6838147798971
0.02386560399438045       -0.04408182881705048     9.299600000000003        1613.5139029696459
0.04223297168632483       -0.027012717596285037    9.299600000000003        1613.8317711470406
0.041332519010375414      -0.02856791368565073     9.299600000000003        1613.7857436402653
0.044064022822905884      -0.027206096808229663    9.299600000000003        1613.6805250025054
0.0431203816195167        -0.028692459284457354    9.299600000000003        1613.6460363910576
0.042114535803839816      -0.03017307963043136     9.299600000000003        1613.6123191925492
0.036534980866126665      -0.03214702957238918     9.299600000000003        1613.8545747936057
0.03598030391956864       -0.03504036335278954     9.299600000000003        1613.6523600988646
0.034257064617160424      -0.034438988007462215    9.299600000000003        1613.8167656631947
0.03274844693205325       -0.03372571577930143     9.299600000000003        1613.979641441181
0.037129413062873894      -0.03392369511202495     9.299600000000003        1613.6677425339478
0.035363265329516835      -0.03327556501175548     9.299600000000003        1613.8415521502063
0.033829807363839726      -0.032822037618470634    9.299600000000003        1613.9858180903905
0.034979458211773125      -0.03149754830594335     9.299600000000003        1614.0195754962288
0.03436696666273942       -0.029732382640567764    9.299600000000003        1614.2137977650252
0.03169406541526939       -0.02824129610650756     9.299600000000003        1614.5320185176604
0.030789904724387227      -0.029210738686832726    9.299600000000003        1614.5105256661764
0.032485424959149925      -0.029986961790914972    9.299600000000003        1614.3258614159763
0.03035384579877016       -0.03208997514325189     9.299600000000003        1614.2843335140874
0.03227317038579768       -0.031883234531888745    9.299600000000003        1614.174545302272
0.0336013173124106        -0.031283315250976815    9.299600000000003        1614.1352505220448
0.031168805598924605      -0.03065632293552703     9.299600000000003        1614.3578722146299
0.03000394993995785       -0.03410036956046669     9.299600000000003        1614.124500660782
0.029089115735507678      -0.03550240865883653     9.299600000000003        1614.0521333845863
0.03144259049077819       -0.03344477618622974     9.299600000000003        1614.0910825132748
0.03042952409902224       -0.03589320358945717     9.299600000000003        1613.9337225984561
0.03159882540003239       -0.03499433030301324     9.299600000000003        1613.9415702100162
0.030928993326493733      -0.03948375469488208     9.299600000000003        1613.5788771435955
0.02956092417812377       -0.04045395936676037     9.299600000000003        1613.567829784313
0.03221970598027236       -0.03857690277866343     9.299600000000003        1613.5843825885834
0.031191566738045812      -0.04133302653019416     9.299600000000003        1613.4049948878103
0.032525033083660566      -0.04032961212055515     9.299600000000003        1613.4186826885673
0.03387592878704455       -0.03913602476073773     9.299600000000003        1613.4428634987423
0.03521681391287452       -0.037943354129167876    9.299600000000003        1613.4629342118426
0.02232701066040959       -0.04485173553540145     9.299600000000003        1613.5071385584176
0.02217613398043324       -0.04673773545466459     9.299600000000003        1613.337117140244
0.025315513047264388      -0.043365564509136756    9.299600000000003        1613.5148467895742
0.026640478358257846      -0.04065169468429587     9.299600000000003        1613.7055578818197
0.028159027346396907      -0.04141403754464335     9.299600000000003        1613.5550786586853
0.02671447034667396       -0.04261275837751524     9.299600000000003        1613.5177665101758
0.026777857645351632      -0.044364406881703025    9.299600000000003        1613.3574976720236
0.029791485563719664      -0.04231343724982037     9.299600000000003        1613.3926639105084
0.028286782061578756      -0.04333026960751864     9.299600000000003        1613.3779382254954
0.02379978736002177       -0.045926101010582226    9.299600000000003        1613.3459905613106
0.02532998340945696       -0.045180576607936264    9.299600000000003        1613.3486710792167
-0.02496864027625874      -0.021927090091397677    9.299600000000003        1615.9796946964025
-0.026575039392852745     -0.022523815428522116    9.299600000000003        1615.8533479356001
-0.028144593531980035     -0.022820999161026197    9.299600000000003        1615.7506124540462
-0.02294837618739825      -0.02439880552390239     9.299600000000003        1615.836338263143
-0.025393030479152576     -0.023545960981687236    9.299600000000003        1615.8136019213962
-0.03890030137295321      -0.019927139700427404    9.299600000000003        1615.355010670117
-0.027217110662212714     -0.034878367535660496    9.299600000000003        1614.631325388664
-0.02796949578887226      -0.03366562025371567     9.299600000000003        1614.7188668913163
-0.03017641396933343      -0.03158427344596988     9.299600000000003        1614.8166215600563
-0.03144469960604518      -0.032789022565511784    9.299600000000003        1614.6325266803215
-0.029420398859769853     -0.032948150939515974    9.299600000000003        1614.7203925446247
-0.026309652230510648     -0.027121688108776378    9.299600000000003        1615.4375409271397
-0.027289622562382748     -0.026225817077724565    9.299600000000003        1615.4768456307918
-0.02589559844154743      -0.02538780184444279     9.299600000000003        1615.6202308618756
-0.028353120573014576     -0.025585568296759523    9.299600000000003        1615.485163874855
-0.027180503189227025     -0.024539437688249576    9.299600000000003        1615.639810364677
-0.02672594987627655      -0.028846929329699855    9.299600000000003        1615.2525906473002
-0.026834850616637682     -0.030534119797433742    9.299600000000003        1615.0828452661733
-0.028230030765764625     -0.029666384841230686    9.299600000000003        1615.1016489516317
-0.02864859599746225      -0.031189182037353012    9.299600000000003        1614.9322241054704
-0.0299299282720305       -0.03026358632380031     9.299600000000003        1614.9582422073452
-0.02766455205411979      -0.032180430979767013    9.299600000000003        1614.8814549527417
-0.034001345887921024     -0.0222852877259561      9.299600000000003        1615.472643077957
-0.03519053279571558      -0.021004586495164807    9.299600000000003        1615.511432345913
-0.03522591529730116      -0.0236284285187816      9.299600000000003        1615.2759716643216
-0.03591694618395306      -0.022430373294912348    9.299600000000003        1615.3388825774794
-0.027758872352504585     -0.027899569860824296    9.299600000000003        1615.2951415404166
-0.02881169858209139      -0.027042900481956515    9.299600000000003        1615.3248493077647
-0.030770957343346204     -0.029332549558944553    9.299600000000003        1615.0041269470685
-0.02925244176945544      -0.028750580887333368    9.299600000000003        1615.1393368680274
-0.029389513879366964     -0.025681851352642084    9.299600000000003        1615.4234463873306
-0.032202707946550634     -0.022885493756494592    9.299600000000003        1615.5260384716796
-0.03129334846290046      -0.02390811353762479     9.299600000000003        1615.484865484531
-0.030387005650262755     -0.024951942289997812    9.299600000000003        1615.4385858184623
-0.03197622886250691      -0.02556980825349656     9.299600000000003        1615.2933593092655
-0.02889885645054477      -0.02438317806166854     9.299600000000003        1615.5693789914696
-0.03285593879257644      -0.024538171216580393    9.299600000000003        1615.3376763158828
-0.033757206180169474     -0.023707518448781228    9.299600000000003        1615.3596307424712
-0.034434638779496735     -0.024904010953668596    9.299600000000003        1615.209506042154
-0.035911766317060494     -0.024985669147180145    9.299600000000003        1615.1098066287734
-0.03715958369168264      -0.023902881641678395    9.299600000000003        1615.1264572278774
-0.03868704856695926      -0.024713657331163028    9.299600000000003        1614.952235673884
-0.04021684293144525      -0.02460213317627447     9.299600000000003        1614.8578979637189
-0.03920825826022867      -0.02599381305166995     9.299600000000003        1614.8033465287278
-0.039046654782056885     -0.023163249922185093    9.299600000000003        1615.0646677739703
-0.040293068278492834     -0.022007847720111495    9.299600000000003        1615.0778541147495
-0.03871989398547644      -0.021363852628905125    9.299600000000003        1615.2441004967695
-0.0374920378824992       -0.022382976404637833    9.299600000000003        1615.239096075369
-0.03258078870171158      -0.027073615807458824    9.299600000000003        1615.1185739857374
-0.033715862878918854     -0.025949158554837565    9.299600000000003        1615.1568981617293
-0.030712215782384873     -0.02663299720433425     9.299600000000003        1615.2641362313075
-0.03172367298925863      -0.02816157927712812     9.299600000000003        1615.0642283251216
-0.030250940838295087     -0.028029484078560932    9.299600000000003        1615.1565910397674
-0.03359449527724848      -0.028692266320426773    9.299600000000003        1614.9075184729134
-0.034956229284300054     -0.029706235707889408    9.299600000000003        1614.7317076931129
-0.03347353348942791      -0.03057463764369177     9.299600000000003        1614.735576784806
-0.03218951410399907      -0.029589039751566286    9.299600000000003        1614.902176134595
-0.031598216424108594     -0.030945000634693593    9.299600000000003        1614.803945487587
-0.032897472338995544     -0.03197558515106787     9.299600000000003        1614.6332453609941
-0.033196701100793966     -0.033337331855952994    9.299600000000003        1614.4853933960167
-0.03219889029558114      -0.03445566388081738     9.299600000000003        1614.4299400948591
-0.034468701857142334     -0.03215647087561495     9.299600000000003        1614.5279434478105
-0.035334573860634176     -0.03104127317191533     9.299600000000003        1614.5836241112881
-0.036545314215853386     -0.02978994856709988     9.299600000000003        1614.6281686167365
-0.040237183600600857     -0.0273184520576296      9.299600000000003        1614.6176884447787
-0.04099351511610355      -0.02594044083534594     9.299600000000003        1614.6880052333672
-0.042081846365897305     -0.027444391367634952    9.299600000000003        1614.4863847116496
-0.04288782625417137      -0.02901850412712226     9.299600000000003        1614.3049562078938
-0.04393222406221513      -0.027549770098957174    9.299600000000003        1614.3612184935066
-0.040906505498800885     -0.02327779528320007     9.299600000000003        1614.924951492524
-0.04195744937748375      -0.024556317333913433    9.299600000000003        1614.741430999513
-0.042737128174256685     -0.023058853362119894    9.299600000000003        1614.8136833207018
-0.044167218293663456     -0.020159745373425714    9.299600000000003        1614.9495503205237
-0.04489861797436573      -0.018691510241500855    9.299600000000003        1615.0128513085817
-0.04726685321347472      -0.016879050870999068    9.299600000000003        1614.9729053009385
-0.044563160903510105     -0.023081427948061044    9.299600000000003        1614.6826193296777
-0.045295030414421796     -0.02155531514200981     9.299600000000003        1614.7539499236643
-0.04640510624127334      -0.023033475866669623    9.299600000000003        1614.5607286861025
-0.04598687729122456      -0.020019403176927828    9.299600000000003        1614.825837394081
-0.04910068272046862      -0.016520866597555063    9.299600000000003        1614.862532209876
-0.04676759246473371      -0.01843771668834874     9.299600000000003        1614.8913623721003
-0.047836953127056464     -0.01980246815200753     9.299600000000003        1614.7100641607929
-0.048548007086590156     -0.01817609594842924     9.299600000000003        1614.7811924015123
-0.04715559202528277      -0.021429560384544376    9.299600000000003        1614.6336510448307
-0.04567680542872297      -0.024530569035971585    9.299600000000003        1614.4914142016003
0.029183195771680145      0.024612709042763914     9.299600000000003        1617.7485727678588
0.02794470914899776       0.023545823508330958     9.299600000000003        1617.8376141607184
0.02968092555606436       0.023474997198322793     9.299600000000003        1617.6708844743682
0.026177785800816634      0.022690851231071972     9.299600000000003        1617.9724946048202
0.0314988474997817        0.01783555088694286      9.299600000000003        1617.32588337419
0.030833896792757654      0.01957615642737847      9.299600000000003        1617.4462137404769
0.02996013804222257       0.01780684949081252      9.299600000000003        1617.4706197525632
0.028113555017418287      0.020093004807812977     9.299600000000003        1617.7171442627512
0.028825682956067508      0.02191270661614351      9.299600000000003        1617.7083838489327
0.027280720448374686      0.021645025805140484     9.299600000000003        1617.8420327588185
0.02978959179302287       0.020712954970868877     9.299600000000003        1617.5813183432701
0.03123318021651113       0.03058348026335455      9.299600000000003        1617.657363512228
0.03264993727757958       0.029885434612242398     9.299600000000003        1617.4965527929821
0.03092912889824962       0.02923906114475779      9.299600000000003        1617.6692876217376
0.029194401437288235      0.02872566782824563      9.299600000000003        1617.8374338017572
0.030212169309130253      0.027767489539177233     9.299600000000003        1617.7169327632125
0.031167081482528836      0.026995638388959887     9.299600000000003        1617.6042785879802
0.029727679161272617      0.02607554452673318      9.299600000000003        1617.7302176678643
0.028672181592540195      0.026946907042748856     9.299600000000003        1617.8531848971054
0.03876179374050798       0.017363401551516774     9.299600000000003        1616.561488567315
0.03815341229291975       0.018762430623098826     9.299600000000003        1616.666783325727
0.036524638283633545      0.018695581354727236     9.299600000000003        1616.8410043003944
0.037238884176068035      0.0176979008713987       9.299600000000003        1616.7360253409302
0.03413843813914509       0.019572118627094258     9.299600000000003        1617.116439146908
0.032578905075218906      0.01922810736729035      9.299600000000003        1617.264382802837
0.03580281055421271       0.01987217676937258      9.299600000000003        1616.950481052472
0.0333248011116853        0.0204283550564533       9.299600000000003        1617.2243565616584
0.03026881824400635       0.024732608025363787     9.299600000000003        1617.6452281882707
0.03156552154966161       0.02561337013440544      9.299600000000003        1617.5345788338732
0.031167727258979722      0.023980418219502073     9.299600000000003        1617.537070081116
0.030448058320624225      0.022329520532211062     9.299600000000003        1617.5651133928723
0.03125565943647546       0.021300290403834046     9.299600000000003        1617.4568631379004
0.03206336409318906       0.022849360908588794     9.299600000000003        1617.4181192760323
0.03221972528198699       0.020456517436528567     9.299600000000003        1617.3368376349404
0.037601944947277234      0.019916449364288505     9.299600000000003        1616.7575203899398
0.03666016737469698       0.02117949134070387      9.299600000000003        1616.8920657989236
0.03826626129926932       0.021121163043782355     9.299600000000003        1616.714035779867
0.039461661135193365      0.02010180183505982      9.299600000000003        1616.5562160723402
0.04350521186345256       0.021663025426861635     9.299600000000003        1616.1308538282774
0.042581616460875646      0.020382711418875644     9.299600000000003        1616.208800477514
0.044202055122652364      0.02019794304907878      9.299600000000003        1616.019297984674
0.041052794536019455      0.020688168477263912     9.299600000000003        1616.390253046815
0.03985931125994352       0.021930673751703506     9.299600000000003        1616.5534140269624
0.04171773473102469       0.021897582350919462     9.299600000000003        1616.3407109668185
0.0411158443733172        0.023260698934184403     9.299600000000003        1616.4373088754428
0.03791372811007686       0.02263769247123493      9.299600000000003        1616.787709166216
0.034769551323001656      0.021136733585824966     9.299600000000003        1617.0935799320466
0.03297115024578482       0.02185688142343917      9.299600000000003        1617.2996105381449
0.0345633580242617        0.022562582565606063     9.299600000000003        1617.1512337503395
0.036041272605003345      0.022413688085224762     9.299600000000003        1616.9889185289305
0.035289724713033814      0.023736718076275823     9.299600000000003        1617.1003446655714
0.03675069589813838       0.02371717686013356      9.299600000000003        1616.9399708573774
0.03638490027511825       0.025232447270373402     9.299600000000003        1617.0106925057223
0.03368514089086167       0.023480007037733192     9.299600000000003        1617.2659168832613
0.032796504960118586      0.024547073284716215     9.299600000000003        1617.383560564506
0.033443255215635         0.025927147144362808     9.299600000000003        1617.344549046755
0.034564359292414346      0.024794576950789713     9.299600000000003        1617.2013221557797
0.03506450580369168       0.026086131620774392     9.299600000000003        1617.1723200332242
0.030306086432355692      0.03818296080305936      9.299600000000003        1617.8098435450454
0.0304991594417923        0.039890714237226996     9.299600000000003        1617.7889934201414
0.027848892298752342      0.029650358695312046     9.299600000000003        1617.9869749814702
0.027665985430127917      0.027967781237980358     9.299600000000003        1617.9721743722703
0.026678573539108155      0.028594842984135678     9.299600000000003        1618.0787979720933
0.03266921006386625       0.027065595232525882     9.299600000000003        1617.4486923736265
0.031759012757548145      0.02828401608763082      9.299600000000003        1617.56655419501
0.03323726330589388       0.028481249046307878     9.299600000000003        1617.4122782451668
0.03455922595752962       0.02952407130997563      9.299600000000003        1617.282838627794
0.03450329270975509       0.027542059345885984     9.299600000000003        1617.2593140266292
0.029445324347916888      0.042634865448332164     9.299600000000003        1617.8921216425688
0.030858402584300226      0.04164815757156911      9.299600000000003        1617.7487759058888
0.03226489968925455       0.04052947646769575      9.299600000000003        1617.6013307309624
0.03369024817208684       0.03943984985981449      9.299600000000003        1617.4469782280887
0.0394504054394637        0.02590491690783062      9.299600000000003        1616.6760879986216
0.03822270077279402       0.02449560095312798      9.299600000000003        1616.7908151547342
0.04011997830678555       0.02468958764133301      9.299600000000003        1616.5782879106866
0.03791370884958615       0.02600751761507322      9.299600000000003        1616.8529811446429
0.03958535609332788       0.02342294291053316      9.299600000000003        1616.615463263793
0.0365331333536436        0.027113270057148864     9.299600000000003        1617.0270494105828
0.039369302654886154      0.02870820037145414      9.299600000000003        1616.727347156864
0.03837872697279216       0.027284209475027247     9.299600000000003        1616.8205848838334
0.040189386516690365      0.02733169458831859      9.299600000000003        1616.6137411014836
0.03402609197263189       0.03090241665103888      9.299600000000003        1617.3589991324016
0.03435072585743151       0.03224153979931547      9.299600000000003        1617.3368490532673
0.03607688625875626       0.02855159000791519      9.299600000000003        1617.100049610708
0.03761653208001707       0.02857966030794635      9.299600000000003        1616.9261650974893
0.038252481963468594      0.029963625020359565     9.299600000000003        1616.8711927419793
0.03645347290804133       0.02987017931023095      9.299600000000003        1617.074920433923
0.035588205643210094      0.03103235377021351      9.299600000000003        1617.1859827118733
0.03200815577560075       0.038811728411400556     9.299600000000003        1617.627557049853
0.03442678353638301       0.03657757207771002      9.299600000000003        1617.35675310083
0.03489799072314764       0.038288737506906895     9.299600000000003        1617.3122824706825
0.03315254474787901       0.03771090990522368      9.299600000000003        1617.501111930481
0.03142531289658104       0.03705956071060651      9.299600000000003        1617.6877617000612
0.03266536261943651       0.036001441047370034     9.299600000000003        1617.5489108885613
0.032056572270480754      0.0344897145743518       9.299600000000003        1617.6076419260007
0.031094137795893605      0.03549052522236215      9.299600000000003        1617.7176286925057
0.03619909483168585       0.03712037844729824      9.299600000000003        1617.1639174774134
0.03512074241864998       0.033742340552021514     9.299600000000003        1617.2629497055548
0.033817558104746286      0.03484112196926056      9.299600000000003        1617.415858642381
0.03557868603306668       0.03536312510306715      9.299600000000003        1617.2222244893667
0.03691786047260404       0.03415933249636699      9.299600000000003        1617.0636115096502
0.03739932619118074       0.03585837074790839      9.299600000000003        1617.0231069384197
0.04108220854089408       0.025971704288277133     9.299600000000003        1616.489786706832
0.041920509425944615      0.024533467698498693     9.299600000000003        1616.3687292701964
0.04286437018449061       0.023142056539615638     9.299600000000003        1616.2342424267044
0.03869839173958523       0.03454741870585826      9.299600000000003        1616.8679526255862
0.04119713573880891       0.028873631307204488     9.299600000000003        1616.5205478122107
0.04202578526009339       0.027503640050290868     9.299600000000003        1616.4061923501029
0.04295278411870164       0.02607263893431983      9.299600000000003        1616.2774370616064
0.043846112549891486      0.02759265030571398      9.299600000000003        1616.2036579755966
0.044822096361475806      0.026097166029928565     9.299600000000003        1616.0693213001439
0.044707951031335375      0.023060013828858444     9.299600000000003        1616.022694681448
0.04372809173092952       0.02457343660332523      9.299600000000003        1616.1628180887483
0.045608309009342395      0.02456315976678883      9.299600000000003        1615.9531600962482
0.05095781627368424       0.009710106658355503     9.299600000000003        1614.985495083017
0.05050596594695979       0.011486419205277223     9.299600000000003        1615.0893125406399
0.048718007600984145      0.012018854635670106     9.299600000000003        1615.2950702067794
0.04654933411753846       0.014066556845674637     9.299600000000003        1615.5957982520893
0.04838300402476562       0.013644850219844263     9.299600000000003        1615.3805347986693
0.04603819082083562       0.01561550266447697      9.299600000000003        1615.6967397112103
0.045628663351448176      0.017130421593242982     9.299600000000003        1615.783134606878
0.04534591653791752       0.021589937486933133     9.299600000000003        1615.9202185690929
0.046484463081846866      0.022967409313009685     9.299600000000003        1615.8242176934457
0.04481520464597395       0.01866887741777351      9.299600000000003        1615.9137223790733
0.04718749884854545       0.021421272917123185     9.299600000000003        1615.7133242561524
0.04606068700011464       0.020044280358413238     9.299600000000003        1615.8053750235902
0.0466359900282136        0.018461006765274852     9.299600000000003        1615.7033475437531
0.05017491194841148       0.013169137083989518     9.299600000000003        1615.1758895961223
0.04962869412226885       0.014870624104700712     9.299600000000003        1615.283176692247
-0.044727078965593234     -0.026004412865555413    9.299600000000003        1614.4356387393411
-0.043838548782817476     -0.024550269434290485    9.299600000000003        1614.6122989583766
-0.04285072213375016      -0.026040984487614802    9.299600000000003        1614.5545520640835
-0.04181528406561592      -0.021763182771784892    9.299600000000003        1614.9894444286201
-0.04235221857312334      -0.020475455705653005    9.299600000000003        1615.0584587529647
-0.043451618344728826     -0.02164719083404397     9.299600000000003        1614.8801638101177
0.04802490092281514       -0.019425138318514685    9.299600000000003        1613.8743408524767
0.0388445665984683        -0.034224784489963245    9.299600000000003        1613.5320530753286
0.03820857688619077       -0.03244515152391776     9.299600000000003        1613.712744241455
0.03647571281959356       -0.03681470525392083     9.299600000000003        1613.4784066425875
0.037661870994560157      -0.03559986867845232     9.299600000000003        1613.5010463474753
0.03998522049563206       -0.03291060285404142     9.299600000000003        1613.5567025638777
0.03951401067996019       -0.028200119841366746    9.299600000000003        1613.9524521996518
0.041056299259512846      -0.03147755494154725     9.299600000000003        1613.5907093482526
0.039313449272427595      -0.031144581478806506    9.299600000000003        1613.7373339819824
0.03860080039015261       -0.029528428265935044    9.299600000000003        1613.9170493972376
0.040321891374841476      -0.02983063138012379     9.299600000000003        1613.765653778106
-0.0028106597478546992    -0.03611087372053737     9.299600000000003        1615.0442236533502
-0.004099759618992254     -0.03264260124133429     9.299600000000003        1615.4018385696722
-0.005755074552941091     -0.03267829756707816     9.299600000000003        1615.394952747212
-0.001996828274713068     -0.034734538288578864    9.299600000000003        1615.1847498492825
-0.0036409798756686326    -0.03433608723530538     9.299600000000003        1615.2292113902813
-0.002658390341502486     -0.0333645643085411      9.299600000000003        1615.3270281407379
-0.004295934525171271     -0.03604622317194615     9.299600000000003        1615.051665217917
-0.00506935257467408      -0.034252796042517485    9.299600000000003        1615.2363736051323
-0.006667241164844094     -0.03412131419259913     9.299600000000003        1615.243449538022
-0.010659256740494415     -0.03493416267645057     9.299600000000003        1615.1206935671823
-0.009864817409185662     -0.03652416062487889     9.299600000000003        1614.9645909534722
-0.009123307290361303     -0.03514126805424629     9.299600000000003        1615.1179006028242
-0.009628702332711243     -0.03327752340301124     9.299600000000003        1615.3044210878413
-0.008226164836830918     -0.033561314654330564    9.299600000000003        1615.2896822837236
-0.01120766818923719      -0.03291747430879415     9.299600000000003        1615.3203185130772
-0.012382672421530485     -0.03405236642941296     9.299600000000003        1615.1852769545585
0.005340019206647289      -0.03745572997564672     9.299600000000003        1614.822033422735
0.004167306072972318      -0.037934777109380896    9.299600000000003        1614.7914060236926
0.002537410862739526      -0.03922543727613876     9.299600000000003        1614.6770533608899
0.003970942690486563      -0.03625190316499911     9.299600000000003        1614.9703638457966
0.0036211313201703734     -0.044035408362998844    9.299600000000003        1614.141276459575
0.002873894922402994      -0.04225627934152831     9.299600000000003        1614.3455325779812
0.0021164681998599275     -0.043634346284826084    9.299600000000003        1614.2032914772547
-0.0035250374761319203    -0.03757187011941929     9.299600000000003        1614.8911946852515
-0.004807286005067823     -0.037512441949095233    9.299600000000003        1614.896340610581
-0.004221140023648558     -0.039144461992338515    9.299600000000003        1614.722926309707
-0.002784651010127544     -0.03920339646866301     9.299600000000003        1614.7162023246185
-0.00162616324382001      -0.03901457601550667     9.299600000000003        1614.7331968710341
0.0013177674873657284     -0.0425016047153276      9.299600000000003        1614.3354542727775
6.489205956529741E-4      -0.04426011790668652     9.299600000000003        1614.1477909903585
0.0020544443554766268     -0.040909710595316104    9.299600000000003        1614.5014261519011
7.193486586803725E-4      -0.04102379975583209     9.299600000000003        1614.5018896313106
-5.14618963503822E-4      -0.04123286335607812     9.299600000000003        1614.4879185433672
-0.001839251014666548     -0.04060067351857324     9.299600000000003        1614.5628133694483
-0.0014618540132163406    -0.04240148729908515     9.299600000000003        1614.3647627269781
3.107425116565455E-5      -0.04248346048751433     9.299600000000003        1614.3477525159467
-0.00585046439274698      -0.036046667877448556    9.299600000000003        1615.047597912404
-0.006106758725360992     -0.03765672033193164     9.299600000000003        1614.8765043926132
-0.007666158665915805     -0.03540875604782902     9.299600000000003        1615.1034573556842
-0.008583515996668184     -0.03680995736691118     9.299600000000003        1614.9484210665275
-0.007284576969028665     -0.037110312951370364    9.299600000000003        1614.9275148711492
-0.00345274105647966      -0.040796351194360876    9.299600000000003        1614.5444663982398
-0.0048284230561190565    -0.040725181950463235    9.299600000000003        1614.5507108308195
-0.00441142782236979      -0.04230552709437153     9.299600000000003        1614.378605373004
-0.002835846715464719     -0.04224659974469739     9.299600000000003        1614.38537410742
-0.005691153575141051     -0.0421085715068045      9.299600000000003        1614.3965064402719
-0.0055802717981150276    -0.039130218794967524    9.299600000000003        1614.7210886476475
-0.0060670723662580054    -0.04076096538804577     9.299600000000003        1614.5423038897288
-0.006873419861866964     -0.03842681232263254     9.299600000000003        1614.7900583014282
-0.008027227227444353     -0.0384794416460607      9.299600000000003        1614.7758179154696
-0.010786754363683329     -0.03802236448246014     9.299600000000003        1614.793524681652
-0.009449546252540688     -0.0382162457966079      9.299600000000003        1614.7897799630516
-0.010274806045043411     -0.03971341937708611     9.299600000000003        1614.6186421236232
-0.016896957046901608     -0.040928509553685384    9.299600000000003        1614.3602789047495
-0.01672536262379191      -0.0390642691609891      9.299600000000003        1614.5649725800442
-7.78167454210058E-4      -0.04373181433719142     9.299600000000003        1614.2152148580199
4.4585698712631E-4        -0.045952425674069874    9.299600000000003        1613.9623927019463
-9.601234853124597E-4     -0.04536837104067885     9.299600000000003        1614.0351634836236
-0.002351009390093267     -0.04410732319126204     9.299600000000003        1614.1793969483165
-0.003772311989192546     -0.04352605821217739     9.299600000000003        1614.2447551952812
-0.01524995573629539      -0.03320510661377222     9.299600000000003        1615.2146701801464
-0.016879940615321862     -0.032074194594780746    9.299600000000003        1615.289456657887
-0.015575038177336187     -0.031097757853675558    9.299600000000003        1615.4201661664063
-0.017717926203457492     -0.036604561309398306    9.299600000000003        1614.7996723154172
-0.018084405042823187     -0.038413836951760656    9.299600000000003        1614.5982115715267
-0.016732746434740684     -0.03768446671427588     9.299600000000003        1614.7118056440256
-0.019269528787232537     -0.0361270866678023      9.299600000000003        1614.804609944029
-0.019280266747960656     -0.037715718371479114    9.299600000000003        1614.6373765315932
-0.020749640985306565     -0.03715398181267578     9.299600000000003        1614.6499624753876
-0.02835659414896969      -0.03612747421597902     9.299600000000003        1614.453023102273
-0.02910131956867973      -0.03487695798360825     9.299600000000003        1614.5437227894472
-0.03143254600836444      -0.03704526841168043     9.299600000000003        1614.2156030583253
-0.03086261626701828      -0.035529573998990836    9.299600000000003        1614.392646985757
-0.032627994061364816     -0.035930894309542175    9.299600000000003        1614.2645931678328
-0.029881183051127868     -0.03652179388910023     9.299600000000003        1614.3419281027798
-0.03065731060160392      -0.034170745274386946    9.299600000000003        1614.5372621563
-0.03491911332359108      -0.038287597713010275    9.299600000000003        1613.9333782196375
-0.03434775585891772      -0.03652523988582554     9.299600000000003        1614.1209726807347
-0.036144692106515344     -0.037048927686346864    9.299600000000003        1613.9854382949943
-0.033178839458670756     -0.03770227555523203     9.299600000000003        1614.0681647731292
-0.033584419371655114     -0.039456145982707344    9.299600000000003        1613.8888562042819
-0.02842026013690751      -0.037541145050104426    9.299600000000003        1614.3073870031187
-0.02585053629421501      -0.03798723913725335     9.299600000000003        1614.3727524701421
-0.0273142011642855       -0.038492881931755304    9.299600000000003        1614.2595338973806
-0.025813901683092125     -0.03931758725704071     9.299600000000003        1614.2372959717284
-0.03014948034585506      -0.038048636020832555    9.299600000000003        1614.177789566855
-0.03186277707870477      -0.03878897976668544     9.299600000000003        1614.0271367242642
-0.02675779920670337      -0.036723675588347805    9.299600000000003        1614.4639484942516
-0.025653246369325866     -0.03536035276475186     9.299600000000003        1614.650682224078
-0.024175190614442177     -0.038447670683873024    9.299600000000003        1614.3918079027521
-0.021824970462200326     -0.036463205715418855    9.299600000000003        1614.685389625425
-0.022227368987268407     -0.038270896023459504    9.299600000000003        1614.4821060397096
-0.02315610682156719      -0.03710112036577872     9.299600000000003        1614.57065374796
-0.020630603370470794     -0.03850267439896803     9.299600000000003        1614.5118636543739
-0.021552981590771934     -0.0400151386802653      9.299600000000003        1614.3214864301312
-0.020555363073119483     -0.041149473112660456    9.299600000000003        1614.2333978764486
-0.021929376094416853     -0.04183932660682068     9.299600000000003        1614.1164203138233
-0.028924384940158063     -0.039131839834396415    9.299600000000003        1614.1253521154774
-0.023128191066780473     -0.04098448275030226     9.299600000000003        1614.1654209330015
-0.02327714154876216      -0.03964560536548516     9.299600000000003        1614.3002662579192
-0.024723617166000553     -0.04023344700244914     9.299600000000003        1614.1852967623436
-0.02748380188067322      -0.04001106162288874     9.299600000000003        1614.0985735842899
-0.032332884387970696     -0.04055744605722392     9.299600000000003        1613.8427871470183
-0.029157533251098572     -0.040844357431308285    9.299600000000003        1613.946895585368
-0.030875580805611598     -0.041581659663641274    9.299600000000003        1613.8086219602776
-0.03065363434100672      -0.039874748870861586    9.299600000000003        1613.9772036868978
-0.02046436509040024      -0.04412312300376097     9.299600000000003        1613.9215381799625
-0.021859786474316262     -0.04334360304871478     9.299600000000003        1613.9610560092688
-0.02196907624426227      -0.04518338514270594     9.299600000000003        1613.7688770282823
-0.02186498065146898      -0.046966576926509906    9.299600000000003        1613.5968359567012
-0.02038634340086161      -0.04583916700103169     9.299600000000003        1613.7463058671162
-0.018882144497770544     -0.04474763968823121     9.299600000000003        1613.8992059604725
-0.017517354140863105     -0.04545351648402605     9.299600000000003        1613.8584494741046
-0.01891829918143947      -0.04656470815567611     9.299600000000003        1613.709356068406
-0.017198591976382484     -0.0470975530126643      9.299600000000003        1613.6937143524372
-0.020352089740322262     -0.04768514177706223     9.299600000000003        1613.5647606111831
-0.012617054452285394     -0.03864310941781114     9.299600000000003        1614.698198991498
-0.0115081087784634       -0.03960096102660922     9.299600000000003        1614.6133299712192
-0.011304504184127213     -0.040955673961116094    9.299600000000003        1614.469407439382
-0.015567776970494475     -0.039625000767436656    9.299600000000003        1614.5327677607984
-0.014247377234278599     -0.038410151312758614    9.299600000000003        1614.6919638948586
-0.012742419319966575     -0.040487684389231476    9.299600000000003        1614.496953870848
-0.014018481612633825     -0.039975152734525315    9.299600000000003        1614.5284033792534
-0.01242198334176561      -0.041941889658069144    9.299600000000003        1614.3440717741034
-0.01552487902953785      -0.037979557601760694    9.299600000000003        1614.709875333562
-0.014512351724853498     -0.036604165258595125    9.299600000000003        1614.878140277857
-0.01580408301211669      -0.036244940784540526    9.299600000000003        1614.8867017679952
-0.015257996574640638     -0.04093238099236417     9.299600000000003        1614.398636645327
-0.01738397930117938      -0.043707035823676424    9.299600000000003        1614.0483117153528
-0.019035762503938403     -0.043199273073366184    9.299600000000003        1614.0595780268961
-0.01773066154864176      -0.042428557488234896    9.299600000000003        1614.1771727182124
-0.02030303852667551      -0.04246875862969216     9.299600000000003        1614.1008092778836
-0.029538387667146636     -0.04262943200513417     9.299600000000003        1613.7634280325894
-0.02348967329352173      -0.04622725815247416     9.299600000000003        1613.6237412490352
-0.028013400683465625     -0.04359578940460555     9.299600000000003        1613.7286703333332
0.007758173004858308      -0.04966402758905588     9.299600000000003        1613.4679974324565
0.005166995912059522      -0.04831627040288325     9.299600000000003        1613.6522719529876
0.006147044923618628      -0.04980464705095194     9.299600000000003        1613.48044401944
0.004481636778959259      -0.0499438299017873      9.299600000000003        1613.4896712986583
0.0020838913503970955     -0.04538362970329545     9.299600000000003        1614.0109727076012
0.0012546494724898166     -0.047030732213300806    9.299600000000003        1613.8374336354937
0.0019266037556988508     -0.048584982198082355    9.299600000000003        1613.6621470598786
0.0027585224962196437     -0.0470909158895227      9.299600000000003        1613.8162156336568
0.004446143322466538      -0.04682077162197573     9.299600000000003        1613.8245553943743
0.0035830787430048334     -0.04841056015396697     9.299600000000003        1613.6633985065503
0.0035478218505730665     -0.045833667571369766    9.299600000000003        1613.944712792508
0.013992495517416189      -0.04986471798947639     9.299600000000003        1613.3102055297916
0.010623477652631177      -0.05070962333596499     9.299600000000003        1613.308510531888
0.00888558606016533       -0.050991163945097076    9.299600000000003        1613.3152825157088
0.007116228610332271      -0.05131667858582556     9.299600000000003        1613.3138379464742
0.005438945186695899      -0.05149798670360395     9.299600000000003        1613.3207943598745
0.0037470233714306175     -0.051616675667113025    9.299600000000003        1613.3294028282278
0.015717080424731307      -0.04927397237455084     9.299600000000003        1613.3187781272354
0.017419285097602228      -0.04873378887912139     9.299600000000003        1613.3184237467703
0.012328364177675402      -0.05030402170210651     9.299600000000003        1613.3093491599982
0.01902367109471123       -0.048173950364220085    9.299600000000003        1613.3187044470867
0.020557838314591917      -0.04760777905923755     9.299600000000003        1613.317613150017
-0.03390050851983997      -0.034878510451781065    9.299600000000003        1614.299442510863
-0.03499545844908042      -0.033640035124366315    9.299600000000003        1614.3576956628929
-0.03570088109527944      -0.035369622131351884    9.299600000000003        1614.1583997573773
-0.03745323207565693      -0.03584028785618293     9.299600000000003        1614.0270152299809
-0.03609833137944203      -0.03246246191818136     9.299600000000003        1614.40592697006
-0.03676772734841309      -0.03414552160180603     9.299600000000003        1614.213194661723
-0.03858736712700491      -0.03455057737584038     9.299600000000003        1614.0805524230052
-0.03737448846824755      -0.028572450805365354    9.299600000000003        1614.6891346687096
-0.038281626948060817     -0.029990332925947518    9.299600000000003        1614.5032192980486
-0.03920350927544386      -0.0286242593335684      9.299600000000003        1614.568566758204
-0.03712831457139049      -0.03120258199112505     9.299600000000003        1614.462373036133
-0.03792542792392233      -0.03287115133338547     9.299600000000003        1614.2639715391476
-0.039729124847037826     -0.033234551646731426    9.299600000000003        1614.1325476130444
-0.03729533438510704      -0.02579693371215051     9.299600000000003        1614.947204106378
-0.03853919962761714      -0.027219096301651365    9.299600000000003        1614.7376774333832
-0.036918074135689725     -0.027249216111441436    9.299600000000003        1614.8392453898985
-0.035579781794545066     -0.028229569372040637    9.299600000000003        1614.8323111657642
-0.034134305594371236     -0.027236617707669927    9.299600000000003        1615.0123122597538
-0.03549351794431037      -0.026416081899926693    9.299600000000003        1615.005394429881
-0.04102624589353099      -0.02885615558448441     9.299600000000003        1614.4326004090283
-0.04197587858689488      -0.03046055275239173     9.299600000000003        1614.2398712984016
-0.03892879681632807      -0.031564067093472176    9.299600000000003        1614.3226993740375
-0.040132898541744254     -0.030230566584981404    9.299600000000003        1614.368157311368
-0.04079272076789666      -0.031811065662189955    9.299600000000003        1614.194399840415
0.03725625577756904       0.031271489997447936     9.299600000000003        1616.9994440144465
0.03612933071748759       0.0324988279433089       9.299600000000003        1617.1391397292364
0.04003671852523289       0.030253664929566087     9.299600000000003        1616.670849988239
0.039083941943661514      0.03160172810366098      9.299600000000003        1616.7948227609015
0.040902111918716164      0.03187864624745794      9.299600000000003        1616.594020686189
0.0379226547283864        0.03289776478894958      9.299600000000003        1616.9394372178597
0.03972908710900352       0.03324288481894781      9.299600000000003        1616.7403845655133
0.04188967916692913       0.030468935053230863     9.299600000000003        1616.4654551129888
0.04298914109612203       0.02902537254671212      9.299600000000003        1616.32213246373
0.04784527090545076       0.015284007539878472     9.299600000000003        1615.4861217684177
0.04741465735504007       0.016825578374933786     9.299600000000003        1615.5752839618042
0.048516740720234014      0.0181995543394099       9.299600000000003        1615.4918900232772
0.049169578760643144      0.016490470921418095     9.299600000000003        1615.3771382935536
0.047908551823249254      0.01982811462443922      9.299600000000003        1615.5978628760868
2.6160829567544835E-4     -0.04858323877271254     9.299600000000003        1613.675289302398
0.0010207209606134997     -0.05021516644328316     9.299600000000003        1613.4963609000522
-4.8739429684098863E-4    -0.047178228861806226    9.299600000000003        1613.8330291351065
-6.189197363874767E-4     -0.05015379682389342     9.299600000000003        1613.512635929943
-0.0013496128915443273    -0.04858394453558407     9.299600000000003        1613.6832865154136
0.0028275335057650034     -0.05003310777693335     9.299600000000003        1613.4993852023051
-0.013044387742744927     -0.04343606228475834     9.299600000000003        1614.1698167819739
-0.011212576180735418     -0.042820552284065       9.299600000000003        1614.2666946937097
-0.011801120285915857     -0.0443775500179467      9.299600000000003        1614.0869181179894
-0.013083264509834077     -0.04533190412357772     9.299600000000003        1613.961899337817
-0.004016904256944462     -0.04525884291194854     9.299600000000003        1614.0527615694098
-0.005325816864841237     -0.04394442840450846     9.299600000000003        1614.1953864069499
-0.005717790245495942     -0.045585963934956314    9.299600000000003        1614.0121793131354
-0.005052924226887593     -0.04681195045701677     9.299600000000003        1613.8790041444229
-0.007049659154660219     -0.04484719744008655     9.299600000000003        1614.086790397521
-0.006659860319094608     -0.04324450700951014     9.299600000000003        1614.2664929246182
-0.0071593181458272604    -0.04182176186242515     9.299600000000003        1614.4198755314212
-0.007301858267647682     -0.03997264575122507     9.299600000000003        1614.620564977248
-0.008923975525462884     -0.039965190859347646    9.299600000000003        1614.6071229044467
-0.00885946992158051      -0.045148253114048256    9.299600000000003        1614.0387348661723
-0.008270232957265438     -0.04340032466154661     9.299600000000003        1614.2372873386678
-0.010080925222197426     -0.04134701163860624     9.299600000000003        1614.4434446920875
-0.008498931811290725     -0.04149036960279402     9.299600000000003        1614.4451668388026
-0.009604947507441928     -0.04261595022592769     9.299600000000003        1614.3100333797142
-0.010089668421356552     -0.044303316920356016    9.299600000000003        1614.1184228091931
-0.009975294145797507     -0.04614740857329522     9.299600000000003        1613.91692103666
-0.011316859534833704     -0.04571438727371709     9.299600000000003        1613.947352123485
-0.015626443833478117     -0.04767145585518564     9.299600000000003        1613.6660885408821
-0.01582134224521512      -0.045893280054524394    9.299600000000003        1613.8494166810842
-0.01612342117398958      -0.04440247270407265     9.299600000000003        1614.002955445041
-0.01599380390090974      -0.042519247020838084    9.299600000000003        1614.2099169765772
-0.014051789296593918     -0.04189828781567847     9.299600000000003        1614.318995630618
-0.014393449160606983     -0.04479934237519956     9.299600000000003        1613.996092586349
-0.014859170927111509     -0.043530648917344456    9.299600000000003        1614.1247297760517
-0.014290654971159444     -0.046442168830332475    9.299600000000003        1613.820533100048
-0.012734418589537931     -0.046860263010658786    9.299600000000003        1613.8020008817493
-0.0026241295040568256    -0.04587597486277279     9.299600000000003        1613.9840184935183
-0.001882797125515902     -0.04700437657158773     9.299600000000003        1613.8577641316745
-0.0036097046043138546    -0.047056248728948154    9.299600000000003        1613.8542963133734
-0.01863307471922764      -0.048316515243911805    9.299600000000003        1613.5417228091485
-0.011138251550360743     -0.047364396639873595    9.299600000000003        1613.770300129792
-0.015340819146023863     -0.04947719095065452     9.299600000000003        1613.4895943837103
-0.013993239804056439     -0.04817280346419078     9.299600000000003        1613.6427876850046
-0.01244441495249281      -0.04870291695728888     9.299600000000003        1613.61088935043
-0.006825545992265074     -0.046696888785806134    9.299600000000003        1613.883928224018
-0.0062896988589154325    -0.04815735729522037     9.299600000000003        1613.7270477887234
-0.008230200579412641     -0.046345934116101814    9.299600000000003        1613.9124201419816
-0.009474777615604616     -0.04762369845217429     9.299600000000003        1613.7613651675513
-0.007901045405596954     -0.04794674725213618     9.299600000000003        1613.7401375556935
-0.013734895397320692     -0.05002232757234204     9.299600000000003        1613.4602026210086
-0.01192895039608366      -0.05035939396246326     9.299600000000003        1613.4497305668795
-0.010660184493100308     -0.048980454375403895    9.299600000000003        1613.6040906569788
-0.010192583923966046     -0.050753801385643005    9.299600000000003        1613.4285275864474
-0.00904252016573551      -0.04932710165438199     9.299600000000003        1613.5836618505493
-0.007367133078929345     -0.04963144038379686     9.299600000000003        1613.5637354037233
-0.005761996587363924     -0.04992723288068597     9.299600000000003        1613.5399381380123
1.5322406239683855E-4     -0.051829029415933016    9.299600000000003        1613.3384925680455
-0.001527844818241941     -0.05174577260671484     9.299600000000003        1613.354336384161
-0.016979087156316353     -0.0489198840504002      9.299600000000003        1613.515682297422
-0.026599289579582165     -0.044529156016924185    9.299600000000003        1613.6896079610335
-0.024984446942910223     -0.045336997578800664    9.299600000000003        1613.6643917086988
-0.02625203244833827      -0.04097236716883154     9.299600000000003        1614.050689073564
-0.027912651468353866     -0.041832728470706654    9.299600000000003        1613.9003921179285
-0.026379590427349713     -0.04269811354641189     9.299600000000003        1613.8728904529428
-0.023378557682289625     -0.044376923723162306    9.299600000000003        1613.8076086617018
-0.025022803568486764     -0.04361846941212701     9.299600000000003        1613.8294689207314
-0.023445685839024646     -0.042709790315267435    9.299600000000003        1613.9750452959236
-0.024746226032879952     -0.04180674414592644     9.299600000000003        1614.0222103459207
0.0019432097154024888     -0.0517209561981176      9.299600000000003        1613.336544697896
-0.002290059079602046     -0.05010652907313484     9.299600000000003        1613.5233878782267
-0.00293515687634375      -0.048433077934034056    9.299600000000003        1613.7033365780937
-0.003930606433350551     -0.04994916957524352     9.299600000000003        1613.5412895373086
-0.00502827340648114      -0.051499151423232394    9.299600000000003        1613.3819016484538
-0.003252465563712565     -0.05166270081272935     9.299600000000003        1613.3662483232456
-0.004633512097109374     -0.04839994847894369     9.299600000000003        1613.7061159572452
-0.006841428728295864     -0.05140408745463483     9.299600000000003        1613.3862975204263
-0.008510907136130218     -0.05110279878445033     9.299600000000003        1613.406911721122
